time,ms,volt,curr,
Wed Jun 25 08:16:49 EDT 2014,1403698609196,1.307976245880127,0.0,
Wed Jun 25 08:16:49 EDT 2014,1403698609401,1.3064146041870117,0.0,
Wed Jun 25 08:16:49 EDT 2014,1403698609791,1.3383984565734863,0.0,
Wed Jun 25 08:16:49 EDT 2014,1403698609959,1.3278841972351074,0.0,
Wed Jun 25 08:16:50 EDT 2014,1403698610809,1.3173460960388184,0.0,
Wed Jun 25 08:16:51 EDT 2014,1403698611162,1.313173770904541,0.0,
Wed Jun 25 08:16:51 EDT 2014,1403698611393,1.3074517250061035,0.0,
Wed Jun 25 08:16:51 EDT 2014,1403698611949,1.301717758178711,0.0,
Wed Jun 25 08:16:52 EDT 2014,1403698612400,1.2996435165405273,0.0,
Wed Jun 25 08:16:56 EDT 2014,1403698616265,138.9236602783203,0.0,
Wed Jun 25 08:16:56 EDT 2014,1403698616402,138.9847412109375,0.0,
Wed Jun 25 08:16:56 EDT 2014,1403698616827,139.08963012695312,0.0,
Wed Jun 25 08:16:56 EDT 2014,1403698616996,139.1239776611328,0.0,
Wed Jun 25 08:16:57 EDT 2014,1403698617193,139.12252807617188,0.0,
Wed Jun 25 08:16:57 EDT 2014,1403698617351,139.15341186523438,0.0,
Wed Jun 25 08:16:57 EDT 2014,1403698617606,139.1658477783203,0.0,
Wed Jun 25 08:16:57 EDT 2014,1403698617987,139.21722412109375,0.0,
Wed Jun 25 08:16:58 EDT 2014,1403698618157,139.22987365722656,0.0,
Wed Jun 25 08:16:58 EDT 2014,1403698618661,139.22879028320312,0.0,
Wed Jun 25 08:16:58 EDT 2014,1403698618773,139.23699951171875,0.0,
Wed Jun 25 08:16:58 EDT 2014,1403698618962,139.24107360839844,0.0,
Wed Jun 25 08:16:59 EDT 2014,1403698619200,139.2404327392578,0.0,
Wed Jun 25 08:16:59 EDT 2014,1403698619356,139.27127075195312,0.0,
Wed Jun 25 08:17:00 EDT 2014,1403698620192,139.31695556640625,0.0,
Wed Jun 25 08:17:00 EDT 2014,1403698620399,139.3203125,0.0,
Wed Jun 25 08:17:01 EDT 2014,1403698621599,139.32611083984375,0.0,
Wed Jun 25 08:17:19 EDT 2014,1403698639888,23.625444412231445,0.0,
Wed Jun 25 08:17:25 EDT 2014,1403698645300,23.805688858032227,0.0,
Wed Jun 25 08:17:25 EDT 2014,1403698645454,23.787105560302734,0.0,
Wed Jun 25 08:17:25 EDT 2014,1403698645886,23.828447341918945,0.0,
Wed Jun 25 08:17:26 EDT 2014,1403698646115,23.83737564086914,0.0,
Wed Jun 25 08:17:26 EDT 2014,1403698646269,23.825883865356445,0.0,
Wed Jun 25 08:17:26 EDT 2014,1403698646450,24.507749557495117,0.0,
Wed Jun 25 08:17:26 EDT 2014,1403698646649,59.636295318603516,0.0,
Wed Jun 25 08:17:26 EDT 2014,1403698646843,87.72782135009766,0.0,
Wed Jun 25 08:17:27 EDT 2014,1403698647073,105.66334533691406,0.0,
Wed Jun 25 08:17:27 EDT 2014,1403698647243,117.14645385742188,0.0,
Wed Jun 25 08:17:27 EDT 2014,1403698647432,124.62600708007812,0.0,
Wed Jun 25 08:17:27 EDT 2014,1403698647643,129.49075317382812,0.0,
Wed Jun 25 08:17:27 EDT 2014,1403698647856,132.70472717285156,0.0,
Wed Jun 25 08:17:28 EDT 2014,1403698648091,134.8163604736328,0.0,
Wed Jun 25 08:17:28 EDT 2014,1403698648243,136.2350616455078,0.0,
Wed Jun 25 08:17:28 EDT 2014,1403698648438,137.13705444335938,0.0,
Wed Jun 25 08:17:28 EDT 2014,1403698648654,137.79086303710938,0.0,
Wed Jun 25 08:17:28 EDT 2014,1403698648839,138.2233428955078,0.0,
Wed Jun 25 08:17:29 EDT 2014,1403698649051,138.51817321777344,0.0,
Wed Jun 25 08:17:29 EDT 2014,1403698649245,138.7180938720703,0.0,
Wed Jun 25 08:17:29 EDT 2014,1403698649480,138.848388671875,0.0,
Wed Jun 25 08:17:29 EDT 2014,1403698649646,138.942626953125,0.0,
Wed Jun 25 08:17:29 EDT 2014,1403698649892,139.06033325195312,0.0,
Wed Jun 25 08:17:30 EDT 2014,1403698650048,139.0919952392578,0.0,
Wed Jun 25 08:17:30 EDT 2014,1403698650292,139.1117706298828,0.0,
Wed Jun 25 08:17:30 EDT 2014,1403698650447,139.36239624023438,0.0,
Wed Jun 25 08:17:35 EDT 2014,1403698655692,139.39794921875,0.0,
Wed Jun 25 08:17:35 EDT 2014,1403698655846,139.40426635742188,0.0,
Wed Jun 25 08:17:41 EDT 2014,1403698661247,139.38525390625,0.0,
Wed Jun 25 08:17:41 EDT 2014,1403698661523,139.37547302246094,0.0,
Wed Jun 25 08:17:41 EDT 2014,1403698661644,139.38833618164062,0.0,
Wed Jun 25 08:17:41 EDT 2014,1403698661855,139.3785400390625,0.0,
Wed Jun 25 08:17:42 EDT 2014,1403698662053,139.39231872558594,0.0,
Wed Jun 25 08:17:42 EDT 2014,1403698662444,139.4038848876953,0.0,
Wed Jun 25 08:17:42 EDT 2014,1403698662653,139.38865661621094,0.0,
Wed Jun 25 08:17:42 EDT 2014,1403698662848,139.39871215820312,0.0,
Wed Jun 25 08:17:43 EDT 2014,1403698663067,139.3887939453125,0.0,
Wed Jun 25 08:17:43 EDT 2014,1403698663253,139.3817901611328,0.0,
Wed Jun 25 08:17:43 EDT 2014,1403698663453,139.4010772705078,0.0,
Wed Jun 25 08:17:43 EDT 2014,1403698663648,139.4021453857422,0.0,
Wed Jun 25 08:17:43 EDT 2014,1403698663865,139.4004669189453,0.0,
Wed Jun 25 08:17:44 EDT 2014,1403698664051,139.41314697265625,0.0,
Wed Jun 25 08:17:44 EDT 2014,1403698664272,139.42234802246094,0.0,
Wed Jun 25 08:17:44 EDT 2014,1403698664405,139.3910675048828,0.0,
Wed Jun 25 08:17:44 EDT 2014,1403698664715,139.39381408691406,0.0,
Wed Jun 25 08:17:44 EDT 2014,1403698664948,139.38958740234375,0.0,
Wed Jun 25 08:17:46 EDT 2014,1403698666261,139.4139404296875,0.0,
Wed Jun 25 08:17:46 EDT 2014,1403698666583,139.386474609375,0.0,
Wed Jun 25 08:17:46 EDT 2014,1403698666688,139.412841796875,0.0,
Wed Jun 25 08:17:52 EDT 2014,1403698672046,139.40505981445312,0.0,
Wed Jun 25 08:17:52 EDT 2014,1403698672201,139.41433715820312,0.0,
Wed Jun 25 08:17:57 EDT 2014,1403698677474,139.42779541015625,0.0,
Wed Jun 25 08:17:57 EDT 2014,1403698677601,139.4149932861328,0.0,
Wed Jun 25 08:17:57 EDT 2014,1403698677847,139.4373779296875,0.0,
Wed Jun 25 08:17:58 EDT 2014,1403698678051,139.43052673339844,0.0,
Wed Jun 25 08:17:58 EDT 2014,1403698678253,139.4082794189453,0.0,
Wed Jun 25 08:17:58 EDT 2014,1403698678400,139.4394073486328,0.0,
Wed Jun 25 08:17:58 EDT 2014,1403698678657,139.4272003173828,0.0,
Wed Jun 25 08:17:58 EDT 2014,1403698678996,139.45880126953125,0.0,
Wed Jun 25 08:17:59 EDT 2014,1403698679206,139.4656982421875,0.0,
Wed Jun 25 08:17:59 EDT 2014,1403698679499,139.4427947998047,0.0,
Wed Jun 25 08:17:59 EDT 2014,1403698679610,139.44883728027344,0.0,
Wed Jun 25 08:17:59 EDT 2014,1403698679901,139.46124267578125,0.0,
Wed Jun 25 08:18:00 EDT 2014,1403698680090,139.48500061035156,0.0,
Wed Jun 25 08:18:00 EDT 2014,1403698680302,139.4700469970703,0.0,
Wed Jun 25 08:18:00 EDT 2014,1403698680409,139.43478393554688,0.0,
Wed Jun 25 08:18:00 EDT 2014,1403698680702,139.44590759277344,0.0,
Wed Jun 25 08:18:00 EDT 2014,1403698680805,139.4227752685547,0.0,
Wed Jun 25 08:18:01 EDT 2014,1403698681104,139.4539337158203,0.0,
Wed Jun 25 08:18:01 EDT 2014,1403698681205,139.4044189453125,0.0,
Wed Jun 25 08:18:01 EDT 2014,1403698681492,139.42250061035156,0.0,
Wed Jun 25 08:18:01 EDT 2014,1403698681603,139.42445373535156,0.0,
Wed Jun 25 08:18:01 EDT 2014,1403698681857,139.4324188232422,0.0,
Wed Jun 25 08:18:02 EDT 2014,1403698682049,139.4256591796875,0.0,
Wed Jun 25 08:18:02 EDT 2014,1403698682252,139.44313049316406,0.0,
Wed Jun 25 08:18:02 EDT 2014,1403698682419,139.44654846191406,0.0,
Wed Jun 25 08:18:02 EDT 2014,1403698682741,139.43405151367188,0.0,
Wed Jun 25 08:18:02 EDT 2014,1403698682810,139.4449005126953,0.0,
Wed Jun 25 08:18:03 EDT 2014,1403698683053,139.457763671875,0.0,
Wed Jun 25 08:18:08 EDT 2014,1403698688259,139.42274475097656,0.0,
Wed Jun 25 08:18:13 EDT 2014,1403698693939,139.42237854003906,0.0,
Wed Jun 25 08:18:14 EDT 2014,1403698694005,139.42137145996094,0.0,
Wed Jun 25 08:18:14 EDT 2014,1403698694200,139.40965270996094,0.0,
Wed Jun 25 08:18:14 EDT 2014,1403698694404,139.43112182617188,0.0,
Wed Jun 25 08:18:14 EDT 2014,1403698694733,139.41867065429688,0.0,
Wed Jun 25 08:18:14 EDT 2014,1403698694830,139.4381561279297,0.0,
Wed Jun 25 08:18:14 EDT 2014,1403698694989,139.4251708984375,0.0,
Wed Jun 25 08:18:15 EDT 2014,1403698695215,139.44935607910156,0.0,
Wed Jun 25 08:18:15 EDT 2014,1403698695521,139.42160034179688,0.0,
Wed Jun 25 08:18:15 EDT 2014,1403698695611,139.4529266357422,0.0,
Wed Jun 25 08:18:15 EDT 2014,1403698695905,139.4592742919922,0.0,
Wed Jun 25 08:18:16 EDT 2014,1403698696117,139.44284057617188,0.0,
Wed Jun 25 08:18:16 EDT 2014,1403698696418,139.44564819335938,0.0,
Wed Jun 25 08:18:16 EDT 2014,1403698696756,139.44395446777344,0.0,
Wed Jun 25 08:18:16 EDT 2014,1403698696812,139.42762756347656,0.0,
Wed Jun 25 08:18:16 EDT 2014,1403698696992,139.42648315429688,0.0,
Wed Jun 25 08:18:18 EDT 2014,1403698698067,139.40625,0.0,
Wed Jun 25 08:18:18 EDT 2014,1403698698070,139.44932556152344,0.0,
Wed Jun 25 08:18:18 EDT 2014,1403698698205,139.43211364746094,0.0,
Wed Jun 25 08:18:18 EDT 2014,1403698698404,139.42904663085938,0.0,
Wed Jun 25 08:18:19 EDT 2014,1403698699049,139.41342163085938,0.0,
Wed Jun 25 08:18:31 EDT 2014,1403698711816,139.44642639160156,0.0,
Wed Jun 25 08:18:32 EDT 2014,1403698712422,139.45155334472656,0.0,
Wed Jun 25 08:18:32 EDT 2014,1403698712607,139.44610595703125,0.0,
Wed Jun 25 08:18:32 EDT 2014,1403698712810,139.44090270996094,0.0,
Wed Jun 25 08:18:33 EDT 2014,1403698713254,139.45143127441406,0.0,
Wed Jun 25 08:18:33 EDT 2014,1403698713672,139.45010375976562,0.0,
Wed Jun 25 08:18:45 EDT 2014,1403698725680,139.47193908691406,0.0,
Wed Jun 25 08:18:46 EDT 2014,1403698726010,139.45431518554688,0.0,
Wed Jun 25 08:18:47 EDT 2014,1403698727135,139.44851684570312,0.0,
Wed Jun 25 08:18:48 EDT 2014,1403698728008,139.45648193359375,0.0,
Wed Jun 25 08:18:48 EDT 2014,1403698728917,139.46527099609375,0.0,
Wed Jun 25 08:18:49 EDT 2014,1403698729152,139.46168518066406,0.0,
Wed Jun 25 08:18:49 EDT 2014,1403698729260,139.46690368652344,0.0,
Wed Jun 25 08:18:49 EDT 2014,1403698729468,139.44927978515625,0.0,
Wed Jun 25 08:18:49 EDT 2014,1403698729877,139.4541778564453,0.0,
Wed Jun 25 08:18:50 EDT 2014,1403698730008,139.45947265625,0.0,
Wed Jun 25 08:18:50 EDT 2014,1403698730266,139.46356201171875,0.0,
Wed Jun 25 08:18:50 EDT 2014,1403698730462,139.4745330810547,0.0,
Wed Jun 25 08:18:50 EDT 2014,1403698730863,139.4564971923828,0.0,
Wed Jun 25 08:18:56 EDT 2014,1403698736215,139.43434143066406,0.0,
Wed Jun 25 08:18:56 EDT 2014,1403698736463,139.4385986328125,0.0,
Wed Jun 25 08:19:01 EDT 2014,1403698741896,139.45217895507812,0.0,
Wed Jun 25 08:19:02 EDT 2014,1403698742273,139.46070861816406,0.0,
Wed Jun 25 08:19:02 EDT 2014,1403698742427,139.47596740722656,0.0,
Wed Jun 25 08:19:03 EDT 2014,1403698743220,139.4607696533203,0.0,
Wed Jun 25 08:19:03 EDT 2014,1403698743409,139.44712829589844,0.0,
Wed Jun 25 08:19:03 EDT 2014,1403698743613,139.4364471435547,0.0,
Wed Jun 25 08:19:03 EDT 2014,1403698743871,139.4844207763672,0.0,
Wed Jun 25 08:19:04 EDT 2014,1403698744209,139.4841766357422,0.0,
Wed Jun 25 08:19:04 EDT 2014,1403698744414,139.4719696044922,0.0,
Wed Jun 25 08:19:04 EDT 2014,1403698744609,139.46148681640625,0.0,
Wed Jun 25 08:19:04 EDT 2014,1403698744818,139.4774932861328,0.0,
Wed Jun 25 08:19:05 EDT 2014,1403698745072,139.48011779785156,0.0,
Wed Jun 25 08:19:05 EDT 2014,1403698745270,139.4703826904297,0.0,
Wed Jun 25 08:19:05 EDT 2014,1403698745410,139.4304656982422,0.0,
Wed Jun 25 08:19:05 EDT 2014,1403698745670,139.47071838378906,0.0,
Wed Jun 25 08:19:05 EDT 2014,1403698745811,139.4411163330078,0.0,
Wed Jun 25 08:19:06 EDT 2014,1403698746061,139.46414184570312,0.0,
Wed Jun 25 08:19:06 EDT 2014,1403698746211,139.4699249267578,0.0,
Wed Jun 25 08:19:06 EDT 2014,1403698746461,139.4686737060547,0.0,
Wed Jun 25 08:19:06 EDT 2014,1403698746611,139.4744110107422,0.0,
Wed Jun 25 08:19:06 EDT 2014,1403698746861,139.46652221679688,0.0,
Wed Jun 25 08:19:07 EDT 2014,1403698747012,139.47531127929688,0.0,
Wed Jun 25 08:19:12 EDT 2014,1403698752210,139.4599609375,0.0,
Wed Jun 25 08:19:12 EDT 2014,1403698752422,139.46170043945312,0.0,
Wed Jun 25 08:19:17 EDT 2014,1403698757688,139.46592712402344,0.0,
Wed Jun 25 08:19:17 EDT 2014,1403698757816,139.495361328125,0.0,
Wed Jun 25 08:19:18 EDT 2014,1403698758012,139.48828125,0.0,
Wed Jun 25 08:19:18 EDT 2014,1403698758216,139.46109008789062,0.0,
Wed Jun 25 08:19:18 EDT 2014,1403698758470,139.46424865722656,0.0,
Wed Jun 25 08:19:18 EDT 2014,1403698758617,139.467529296875,0.0,
Wed Jun 25 08:19:18 EDT 2014,1403698758871,139.47640991210938,0.0,
Wed Jun 25 08:19:19 EDT 2014,1403698759017,139.46142578125,0.0,
Wed Jun 25 08:19:19 EDT 2014,1403698759271,139.4735870361328,0.0,
Wed Jun 25 08:19:19 EDT 2014,1403698759417,139.47586059570312,0.0,
Wed Jun 25 08:19:19 EDT 2014,1403698759674,139.49171447753906,0.0,
Wed Jun 25 08:19:19 EDT 2014,1403698759818,139.48289489746094,0.0,
Wed Jun 25 08:19:20 EDT 2014,1403698760076,139.47216796875,0.0,
Wed Jun 25 08:19:20 EDT 2014,1403698760219,139.4622344970703,0.0,
Wed Jun 25 08:19:20 EDT 2014,1403698760475,139.45059204101562,0.0,
Wed Jun 25 08:19:20 EDT 2014,1403698760670,139.47738647460938,0.0,
Wed Jun 25 08:19:20 EDT 2014,1403698760865,139.4818115234375,0.0,
Wed Jun 25 08:19:21 EDT 2014,1403698761071,139.49452209472656,0.0,
Wed Jun 25 08:19:21 EDT 2014,1403698761265,139.4896697998047,0.0,
Wed Jun 25 08:19:21 EDT 2014,1403698761471,139.491943359375,0.0,
Wed Jun 25 08:19:21 EDT 2014,1403698761645,139.5083465576172,0.0,
Wed Jun 25 08:19:21 EDT 2014,1403698761872,139.50784301757812,0.0,
Wed Jun 25 08:19:22 EDT 2014,1403698762019,139.5001983642578,0.0,
Wed Jun 25 08:19:22 EDT 2014,1403698762189,139.4853973388672,0.0,
Wed Jun 25 08:19:22 EDT 2014,1403698762416,139.4839324951172,0.0,
Wed Jun 25 08:19:22 EDT 2014,1403698762611,139.4770050048828,0.0,
Wed Jun 25 08:19:22 EDT 2014,1403698762816,139.48147583007812,0.0,
Wed Jun 25 08:19:23 EDT 2014,1403698763012,139.48463439941406,0.0,
Wed Jun 25 08:19:28 EDT 2014,1403698768220,139.46734619140625,0.0,
Wed Jun 25 08:19:28 EDT 2014,1403698768473,139.44744873046875,0.0,
Wed Jun 25 08:19:33 EDT 2014,1403698773700,139.494873046875,0.0,
Wed Jun 25 08:19:33 EDT 2014,1403698773898,139.4995574951172,0.0,
Wed Jun 25 08:19:34 EDT 2014,1403698774084,139.46835327148438,0.0,
Wed Jun 25 08:19:34 EDT 2014,1403698774262,139.5063934326172,0.0,
Wed Jun 25 08:19:34 EDT 2014,1403698774502,139.50196838378906,0.0,
Wed Jun 25 08:19:34 EDT 2014,1403698774684,139.50379943847656,0.0,
Wed Jun 25 08:19:34 EDT 2014,1403698774870,139.5094451904297,0.0,
Wed Jun 25 08:19:35 EDT 2014,1403698775045,139.49378967285156,0.0,
Wed Jun 25 08:19:35 EDT 2014,1403698775249,139.5025634765625,0.0,
Wed Jun 25 08:19:35 EDT 2014,1403698775449,139.52166748046875,0.0,
Wed Jun 25 08:19:35 EDT 2014,1403698775651,139.496826171875,0.0,
Wed Jun 25 08:19:35 EDT 2014,1403698775857,139.47837829589844,0.0,
Wed Jun 25 08:19:36 EDT 2014,1403698776047,139.4912872314453,0.0,
Wed Jun 25 08:19:36 EDT 2014,1403698776219,139.47036743164062,0.0,
Wed Jun 25 08:19:36 EDT 2014,1403698776459,139.4813690185547,0.0,
Wed Jun 25 08:19:36 EDT 2014,1403698776617,139.4536895751953,0.0,
Wed Jun 25 08:19:36 EDT 2014,1403698776859,139.44015502929688,0.0,
Wed Jun 25 08:19:37 EDT 2014,1403698777050,139.4217529296875,0.0,
Wed Jun 25 08:19:37 EDT 2014,1403698777308,139.4419708251953,0.0,
Wed Jun 25 08:19:37 EDT 2014,1403698777477,139.46287536621094,0.0,
Wed Jun 25 08:19:37 EDT 2014,1403698777708,139.49411010742188,0.0,
Wed Jun 25 08:19:37 EDT 2014,1403698777876,139.48660278320312,0.0,
Wed Jun 25 08:19:38 EDT 2014,1403698778100,139.47401428222656,0.0,
Wed Jun 25 08:19:38 EDT 2014,1403698778283,139.4781494140625,0.0,
Wed Jun 25 08:19:38 EDT 2014,1403698778502,139.47747802734375,0.0,
Wed Jun 25 08:19:39 EDT 2014,1403698779838,139.48533630371094,0.0,
Wed Jun 25 08:19:44 EDT 2014,1403698784323,139.48135375976562,0.0,
Wed Jun 25 08:19:44 EDT 2014,1403698784448,139.473388671875,0.0,
Wed Jun 25 08:19:49 EDT 2014,1403698789688,139.48817443847656,0.0,
Wed Jun 25 08:19:49 EDT 2014,1403698789861,139.50914001464844,0.0,
Wed Jun 25 08:19:50 EDT 2014,1403698790285,139.5084228515625,0.0,
Wed Jun 25 08:19:50 EDT 2014,1403698790480,139.48829650878906,0.0,
Wed Jun 25 08:19:50 EDT 2014,1403698790728,139.4870147705078,0.0,
Wed Jun 25 08:19:50 EDT 2014,1403698790929,139.4659423828125,0.0,
Wed Jun 25 08:19:51 EDT 2014,1403698791353,139.44871520996094,0.0,
Wed Jun 25 08:19:51 EDT 2014,1403698791519,139.45602416992188,0.0,
Wed Jun 25 08:19:51 EDT 2014,1403698791739,139.47840881347656,0.0,
Wed Jun 25 08:19:51 EDT 2014,1403698791797,139.45278930664062,0.0,
Wed Jun 25 08:19:52 EDT 2014,1403698792154,139.45248413085938,0.0,
Wed Jun 25 08:19:52 EDT 2014,1403698792190,139.45899963378906,0.0,
Wed Jun 25 08:19:52 EDT 2014,1403698792561,139.4256591796875,0.0,
Wed Jun 25 08:19:52 EDT 2014,1403698792568,139.42977905273438,0.0,
Wed Jun 25 08:19:52 EDT 2014,1403698792782,139.44015502929688,0.0,
Wed Jun 25 08:19:52 EDT 2014,1403698792991,139.41270446777344,0.0,
Wed Jun 25 08:19:53 EDT 2014,1403698793226,139.39132690429688,0.0,
Wed Jun 25 08:19:53 EDT 2014,1403698793394,139.42160034179688,0.0,
Wed Jun 25 08:19:53 EDT 2014,1403698793626,139.4253387451172,0.0,
Wed Jun 25 08:19:53 EDT 2014,1403698793792,139.3990020751953,0.0,
Wed Jun 25 08:19:54 EDT 2014,1403698794056,139.39309692382812,0.0,
Wed Jun 25 08:19:54 EDT 2014,1403698794244,139.4187774658203,0.0,
Wed Jun 25 08:19:54 EDT 2014,1403698794426,139.40235900878906,0.0,
Wed Jun 25 08:19:54 EDT 2014,1403698794644,139.4488525390625,0.0,
Wed Jun 25 08:19:54 EDT 2014,1403698794900,139.47348022460938,0.0,
Wed Jun 25 08:19:55 EDT 2014,1403698795272,139.4757080078125,0.0,
Wed Jun 25 08:19:58 EDT 2014,1403698798492,73.4533920288086,0.0,
Wed Jun 25 08:20:13 EDT 2014,1403698813002,17.734872817993164,0.0,
Wed Jun 25 08:20:13 EDT 2014,1403698813192,17.806005477905273,0.0,
Wed Jun 25 08:20:13 EDT 2014,1403698813388,17.830955505371094,0.0,
Wed Jun 25 08:20:13 EDT 2014,1403698813593,17.84210205078125,0.0,
Wed Jun 25 08:20:13 EDT 2014,1403698813788,17.869293212890625,0.0,
Wed Jun 25 08:20:13 EDT 2014,1403698813993,17.951833724975586,0.0,
Wed Jun 25 08:20:14 EDT 2014,1403698814190,17.930734634399414,0.0,
Wed Jun 25 08:20:53 EDT 2014,1403698853517,18.95500373840332,0.0,
Wed Jun 25 08:20:53 EDT 2014,1403698853774,19.007110595703125,0.0,
Wed Jun 25 08:20:54 EDT 2014,1403698854002,18.99915885925293,0.0,
Wed Jun 25 08:20:54 EDT 2014,1403698854214,18.998611450195312,0.0,
Wed Jun 25 08:20:54 EDT 2014,1403698854797,19.00595474243164,0.0,
Wed Jun 25 08:20:54 EDT 2014,1403698854960,18.99099349975586,0.0,
Wed Jun 25 08:20:55 EDT 2014,1403698855155,19.011281967163086,0.0,
Wed Jun 25 08:20:55 EDT 2014,1403698855360,18.99896812438965,0.0,
Wed Jun 25 08:20:55 EDT 2014,1403698855530,19.008647918701172,0.0,
Wed Jun 25 08:20:55 EDT 2014,1403698855777,18.99625015258789,0.0,
Wed Jun 25 08:20:55 EDT 2014,1403698855955,19.020402908325195,0.0,
Wed Jun 25 08:20:56 EDT 2014,1403698856201,19.028318405151367,0.0,
Wed Jun 25 08:20:57 EDT 2014,1403698857234,53.185081481933594,0.0,
Wed Jun 25 08:20:57 EDT 2014,1403698857462,83.47762298583984,0.0,
Wed Jun 25 08:20:57 EDT 2014,1403698857550,102.8131103515625,0.0,
Wed Jun 25 08:20:57 EDT 2014,1403698857714,115.25435638427734,0.0,
Wed Jun 25 08:20:57 EDT 2014,1403698857919,123.34942626953125,0.0,
Wed Jun 25 08:20:58 EDT 2014,1403698858332,132.09771728515625,0.0,
Wed Jun 25 08:20:58 EDT 2014,1403698858643,134.41729736328125,0.0,
Wed Jun 25 08:20:58 EDT 2014,1403698858772,135.90640258789062,0.0,
Wed Jun 25 08:20:58 EDT 2014,1403698858985,136.94334411621094,0.0,
Wed Jun 25 08:20:59 EDT 2014,1403698859198,137.63307189941406,0.0,
Wed Jun 25 08:20:59 EDT 2014,1403698859366,138.1236572265625,0.0,
Wed Jun 25 08:20:59 EDT 2014,1403698859755,138.6688690185547,0.0,
Wed Jun 25 08:20:59 EDT 2014,1403698859932,138.80368041992188,0.0,
Wed Jun 25 08:21:00 EDT 2014,1403698860196,138.9150390625,0.0,
Wed Jun 25 08:21:00 EDT 2014,1403698860392,139.0138397216797,0.0,
Wed Jun 25 08:21:00 EDT 2014,1403698860803,139.1098175048828,0.0,
Wed Jun 25 08:21:00 EDT 2014,1403698860926,139.12515258789062,0.0,
Wed Jun 25 08:21:01 EDT 2014,1403698861165,139.16812133789062,0.0,
Wed Jun 25 08:21:01 EDT 2014,1403698861706,139.23464965820312,0.0,
Wed Jun 25 08:21:01 EDT 2014,1403698861962,139.27630615234375,0.0,
Wed Jun 25 08:21:02 EDT 2014,1403698862377,139.3748016357422,0.0,
Wed Jun 25 08:21:02 EDT 2014,1403698862519,139.38650512695312,0.0,
Wed Jun 25 08:21:02 EDT 2014,1403698862784,139.36180114746094,0.0,
Wed Jun 25 08:21:02 EDT 2014,1403698862995,139.40904235839844,0.0,
Wed Jun 25 08:21:03 EDT 2014,1403698863180,139.40957641601562,0.0,
Wed Jun 25 08:21:03 EDT 2014,1403698863330,139.4027862548828,0.0,
Wed Jun 25 08:21:03 EDT 2014,1403698863722,137.16981506347656,0.0,
Wed Jun 25 08:21:04 EDT 2014,1403698864163,126.9535903930664,0.0,
Wed Jun 25 08:21:04 EDT 2014,1403698864370,121.63880157470703,0.0,
Wed Jun 25 08:21:05 EDT 2014,1403698865363,91.35552215576172,0.0,
Wed Jun 25 08:21:38 EDT 2014,1403698898365,21.08704948425293,0.0,
Wed Jun 25 08:21:38 EDT 2014,1403698898512,21.087312698364258,0.0,
Wed Jun 25 08:21:38 EDT 2014,1403698898729,21.096633911132812,0.0,
Wed Jun 25 08:21:38 EDT 2014,1403698898938,49.388465881347656,0.0,
Wed Jun 25 08:21:39 EDT 2014,1403698899175,81.05657958984375,0.0,
Wed Jun 25 08:21:39 EDT 2014,1403698899723,122.72908782958984,0.0,
Wed Jun 25 08:21:39 EDT 2014,1403698899926,128.21670532226562,0.0,
Wed Jun 25 08:21:40 EDT 2014,1403698900170,131.8562774658203,0.0,
Wed Jun 25 08:21:40 EDT 2014,1403698900438,134.25856018066406,0.0,
Wed Jun 25 08:21:40 EDT 2014,1403698900530,135.8432159423828,0.0,
Wed Jun 25 08:21:41 EDT 2014,1403698901568,138.6559600830078,0.0,
Wed Jun 25 08:21:41 EDT 2014,1403698901731,138.8130645751953,0.0,
Wed Jun 25 08:21:41 EDT 2014,1403698901920,138.93563842773438,0.0,
Wed Jun 25 08:21:42 EDT 2014,1403698902162,139.0066680908203,0.0,
Wed Jun 25 08:21:42 EDT 2014,1403698902367,139.0536346435547,0.0,
Wed Jun 25 08:21:42 EDT 2014,1403698902523,139.11012268066406,0.0,
Wed Jun 25 08:21:42 EDT 2014,1403698902796,139.131591796875,0.0,
Wed Jun 25 08:21:42 EDT 2014,1403698902943,139.15936279296875,0.0,
Wed Jun 25 08:21:43 EDT 2014,1403698903173,139.18212890625,0.0,
Wed Jun 25 08:21:43 EDT 2014,1403698903325,139.29116821289062,0.0,
Wed Jun 25 08:21:44 EDT 2014,1403698904234,139.3694305419922,0.0,
Wed Jun 25 08:21:45 EDT 2014,1403698905017,139.39358520507812,0.0,
Wed Jun 25 08:21:45 EDT 2014,1403698905169,139.3963623046875,0.0,
Wed Jun 25 08:21:45 EDT 2014,1403698905531,139.41766357421875,0.0,
Wed Jun 25 08:21:45 EDT 2014,1403698905782,139.4485626220703,0.0,
Wed Jun 25 08:21:46 EDT 2014,1403698906250,139.4255828857422,0.0,
Wed Jun 25 08:21:46 EDT 2014,1403698906723,139.42849731445312,0.0,
Wed Jun 25 08:21:46 EDT 2014,1403698906967,139.41940307617188,0.0,
Wed Jun 25 08:21:47 EDT 2014,1403698907176,139.43331909179688,0.0,
Wed Jun 25 08:21:47 EDT 2014,1403698907368,139.44430541992188,0.0,
Wed Jun 25 08:21:47 EDT 2014,1403698907564,139.44964599609375,0.0,
Wed Jun 25 08:21:48 EDT 2014,1403698908325,139.4497528076172,0.0,
Wed Jun 25 08:21:48 EDT 2014,1403698908557,139.43955993652344,0.0,
Wed Jun 25 08:21:48 EDT 2014,1403698908739,139.443603515625,0.0,
Wed Jun 25 08:21:49 EDT 2014,1403698909635,139.45526123046875,0.0,
Wed Jun 25 08:21:49 EDT 2014,1403698909730,139.41845703125,0.0,
Wed Jun 25 08:21:50 EDT 2014,1403698910232,139.44151306152344,0.0,
Wed Jun 25 08:21:50 EDT 2014,1403698910971,139.43328857421875,0.0,
Wed Jun 25 08:21:51 EDT 2014,1403698911326,139.4305419921875,0.0,
Wed Jun 25 08:21:51 EDT 2014,1403698911804,139.4515380859375,0.0,
Wed Jun 25 08:21:51 EDT 2014,1403698911954,139.4527587890625,0.0,
Wed Jun 25 08:21:52 EDT 2014,1403698912127,139.4424591064453,0.0,
Wed Jun 25 08:21:52 EDT 2014,1403698912329,139.45013427734375,0.0,
Wed Jun 25 08:21:52 EDT 2014,1403698912568,139.44850158691406,0.0,
Wed Jun 25 08:21:53 EDT 2014,1403698913738,139.47897338867188,0.0,
Wed Jun 25 08:21:53 EDT 2014,1403698913936,139.4689178466797,0.0,
Wed Jun 25 08:21:54 EDT 2014,1403698914926,139.47584533691406,0.0,
Wed Jun 25 08:21:55 EDT 2014,1403698915600,139.4676971435547,0.0,
Wed Jun 25 08:21:55 EDT 2014,1403698915791,139.4735565185547,0.0,
Wed Jun 25 08:21:56 EDT 2014,1403698916136,139.49351501464844,0.0,
Wed Jun 25 08:21:56 EDT 2014,1403698916309,139.4733428955078,0.0,
Wed Jun 25 08:21:56 EDT 2014,1403698916529,139.465576171875,0.0,
Wed Jun 25 08:21:56 EDT 2014,1403698916729,139.4918212890625,0.0,
Wed Jun 25 08:21:56 EDT 2014,1403698916928,139.47869873046875,0.0,
Wed Jun 25 08:21:57 EDT 2014,1403698917124,139.49273681640625,0.0,
Wed Jun 25 08:21:57 EDT 2014,1403698917280,139.48321533203125,0.0,
Wed Jun 25 08:21:58 EDT 2014,1403698918632,139.53424072265625,0.0,
Wed Jun 25 08:22:03 EDT 2014,1403698923226,139.49403381347656,0.0,
Wed Jun 25 08:22:08 EDT 2014,1403698928929,139.4698028564453,0.0,
Wed Jun 25 08:22:09 EDT 2014,1403698929126,139.45037841796875,0.0,
Wed Jun 25 08:22:09 EDT 2014,1403698929283,139.4432373046875,0.0,
Wed Jun 25 08:22:14 EDT 2014,1403698934024,139.4910888671875,0.0,
Wed Jun 25 08:22:14 EDT 2014,1403698934632,139.4859161376953,0.0,
Wed Jun 25 08:22:14 EDT 2014,1403698934778,139.48165893554688,0.0,
Wed Jun 25 08:22:15 EDT 2014,1403698935131,139.4840545654297,0.0,
Wed Jun 25 08:22:15 EDT 2014,1403698935485,139.49093627929688,0.0,
Wed Jun 25 08:22:16 EDT 2014,1403698936367,139.49888610839844,0.0,
Wed Jun 25 08:22:16 EDT 2014,1403698936830,139.5030517578125,0.0,
Wed Jun 25 08:22:18 EDT 2014,1403698938260,139.5045928955078,0.0,
Wed Jun 25 08:22:18 EDT 2014,1403698938635,139.5314178466797,0.0,
Wed Jun 25 08:22:19 EDT 2014,1403698939419,139.5022430419922,0.0,
Wed Jun 25 08:22:21 EDT 2014,1403698941382,139.51138305664062,0.0,
Wed Jun 25 08:22:30 EDT 2014,1403698950255,139.49896240234375,0.0,
Wed Jun 25 08:22:32 EDT 2014,1403698952284,139.50228881835938,0.0,
Wed Jun 25 08:22:32 EDT 2014,1403698952292,139.51113891601562,0.0,
Wed Jun 25 08:22:33 EDT 2014,1403698953040,139.51254272460938,0.0,
Wed Jun 25 08:22:33 EDT 2014,1403698953388,139.49896240234375,0.0,
Wed Jun 25 08:22:34 EDT 2014,1403698954141,139.45266723632812,0.0,
Wed Jun 25 08:22:34 EDT 2014,1403698954298,139.49827575683594,0.0,
Wed Jun 25 08:22:34 EDT 2014,1403698954580,139.4884033203125,0.0,
Wed Jun 25 08:22:41 EDT 2014,1403698961239,139.49322509765625,0.0,
Wed Jun 25 08:22:47 EDT 2014,1403698967078,139.47756958007812,0.0,
Wed Jun 25 08:22:47 EDT 2014,1403698967682,139.4794158935547,0.0,
Wed Jun 25 08:22:48 EDT 2014,1403698968842,139.48126220703125,0.0,
Wed Jun 25 08:22:49 EDT 2014,1403698969649,139.4910125732422,0.0,
Wed Jun 25 08:22:50 EDT 2014,1403698970592,139.4592742919922,0.0,
Wed Jun 25 08:22:57 EDT 2014,1403698977050,139.50311279296875,0.0,
Wed Jun 25 08:22:57 EDT 2014,1403698977086,139.5118408203125,0.0,
Wed Jun 25 08:23:03 EDT 2014,1403698983175,139.5124053955078,0.0,
Wed Jun 25 08:23:04 EDT 2014,1403698984988,139.5063934326172,0.0,
Wed Jun 25 08:23:05 EDT 2014,1403698985845,139.4762725830078,0.0,
Wed Jun 25 08:23:06 EDT 2014,1403698986280,139.47923278808594,0.0,
Wed Jun 25 08:23:06 EDT 2014,1403698986775,139.49893188476562,0.0,
Wed Jun 25 08:23:07 EDT 2014,1403698987168,139.48391723632812,0.0,
Wed Jun 25 08:23:07 EDT 2014,1403698987365,139.49896240234375,0.0,
Wed Jun 25 08:23:09 EDT 2014,1403698989968,139.49830627441406,0.0,
Wed Jun 25 08:23:19 EDT 2014,1403698999836,139.48745727539062,0.0,
Wed Jun 25 08:23:19 EDT 2014,1403698999947,139.50143432617188,0.0,
Wed Jun 25 08:23:36 EDT 2014,1403699016398,139.51824951171875,0.0,
Wed Jun 25 08:23:38 EDT 2014,1403699018398,139.5264892578125,0.0,
Wed Jun 25 08:23:38 EDT 2014,1403699018796,139.50360107421875,0.0,
Wed Jun 25 08:23:39 EDT 2014,1403699019190,139.499267578125,0.0,
Wed Jun 25 08:23:39 EDT 2014,1403699019601,139.49696350097656,0.0,
Wed Jun 25 08:23:39 EDT 2014,1403699019834,139.5010223388672,0.0,
Wed Jun 25 08:23:44 EDT 2014,1403699024160,139.51405334472656,0.0,
Wed Jun 25 08:23:44 EDT 2014,1403699024296,139.50714111328125,0.0,
Wed Jun 25 08:23:44 EDT 2014,1403699024499,139.4988250732422,0.0,
Wed Jun 25 08:23:45 EDT 2014,1403699025387,139.53268432617188,0.0,
Wed Jun 25 08:23:52 EDT 2014,1403699032957,139.49227905273438,0.0,
Wed Jun 25 08:23:53 EDT 2014,1403699033996,139.47776794433594,0.0,
Wed Jun 25 08:23:54 EDT 2014,1403699034258,139.4908447265625,0.0,
Wed Jun 25 08:23:54 EDT 2014,1403699034774,139.46072387695312,0.0,
Wed Jun 25 08:23:55 EDT 2014,1403699035154,139.4967803955078,0.0,
Wed Jun 25 08:24:10 EDT 2014,1403699050457,139.52642822265625,0.0,
Wed Jun 25 08:24:26 EDT 2014,1403699066842,139.5241241455078,0.0,
Wed Jun 25 08:24:27 EDT 2014,1403699067677,139.4866943359375,0.0,
Wed Jun 25 08:24:28 EDT 2014,1403699068350,139.48016357421875,0.0,
Wed Jun 25 08:24:29 EDT 2014,1403699069676,139.4887237548828,0.0,
Wed Jun 25 08:24:33 EDT 2014,1403699073877,139.46299743652344,0.0,
Wed Jun 25 08:24:40 EDT 2014,1403699080572,139.49571228027344,0.0,
Wed Jun 25 08:24:43 EDT 2014,1403699083827,139.5100860595703,0.0,
Wed Jun 25 08:24:49 EDT 2014,1403699089334,139.49327087402344,0.0,
Wed Jun 25 08:24:50 EDT 2014,1403699090476,139.4844970703125,0.0,
Wed Jun 25 08:24:51 EDT 2014,1403699091416,139.48855590820312,0.0,
Wed Jun 25 08:24:51 EDT 2014,1403699091614,139.51388549804688,0.0,
Wed Jun 25 08:24:52 EDT 2014,1403699092151,139.5052947998047,0.0,
Wed Jun 25 08:24:56 EDT 2014,1403699096393,139.48361206054688,0.0,
Wed Jun 25 08:24:56 EDT 2014,1403699096804,139.4889373779297,0.0,
Wed Jun 25 08:24:56 EDT 2014,1403699096885,139.4941864013672,0.0,
Wed Jun 25 08:24:58 EDT 2014,1403699098394,139.4896697998047,0.0,
Wed Jun 25 08:25:05 EDT 2014,1403699105791,139.48719787597656,0.0,
Wed Jun 25 08:25:08 EDT 2014,1403699108141,139.4892578125,0.0,
Wed Jun 25 08:25:08 EDT 2014,1403699108325,139.46507263183594,0.0,
Wed Jun 25 08:25:08 EDT 2014,1403699108525,139.46585083007812,0.0,
Wed Jun 25 08:25:08 EDT 2014,1403699108933,139.45870971679688,0.0,
Wed Jun 25 08:25:09 EDT 2014,1403699109889,139.4710235595703,0.0,
Wed Jun 25 08:25:10 EDT 2014,1403699110256,139.48675537109375,0.0,
Wed Jun 25 08:25:11 EDT 2014,1403699111029,139.4442596435547,0.0,
Wed Jun 25 08:25:13 EDT 2014,1403699113437,139.44996643066406,0.0,
Wed Jun 25 08:25:13 EDT 2014,1403699113486,139.46044921875,0.0,
Wed Jun 25 08:25:13 EDT 2014,1403699113691,139.4414825439453,0.0,
Wed Jun 25 08:25:14 EDT 2014,1403699114038,139.46392822265625,0.0,
Wed Jun 25 08:25:14 EDT 2014,1403699114163,139.4457244873047,0.0,
Wed Jun 25 08:25:14 EDT 2014,1403699114839,139.42648315429688,0.0,
Wed Jun 25 08:25:14 EDT 2014,1403699114850,139.42071533203125,0.0,
Wed Jun 25 08:25:15 EDT 2014,1403699115164,139.43368530273438,0.0,
Wed Jun 25 08:25:15 EDT 2014,1403699115282,139.4223175048828,0.0,
Wed Jun 25 08:25:16 EDT 2014,1403699116289,139.4615020751953,0.0,
Wed Jun 25 08:25:16 EDT 2014,1403699116494,139.44696044921875,0.0,
Wed Jun 25 08:25:16 EDT 2014,1403699116694,139.46719360351562,0.0,
Wed Jun 25 08:25:16 EDT 2014,1403699116940,139.4515838623047,0.0,
Wed Jun 25 08:25:18 EDT 2014,1403699118070,139.4558563232422,0.0,
Wed Jun 25 08:25:20 EDT 2014,1403699120271,139.4742889404297,0.0,
Wed Jun 25 08:25:20 EDT 2014,1403699120547,139.45948791503906,0.0,
Wed Jun 25 08:25:22 EDT 2014,1403699122035,139.47097778320312,0.0,
Wed Jun 25 08:25:27 EDT 2014,1403699127296,139.4550323486328,0.0,
Wed Jun 25 08:25:27 EDT 2014,1403699127490,139.4237823486328,0.0,
Wed Jun 25 08:25:27 EDT 2014,1403699127784,139.40386962890625,0.0,
Wed Jun 25 08:25:28 EDT 2014,1403699128515,139.435302734375,0.0,
Wed Jun 25 08:25:28 EDT 2014,1403699128792,139.4177703857422,0.0,
Wed Jun 25 08:25:29 EDT 2014,1403699129375,139.4115753173828,0.0,
Wed Jun 25 08:25:29 EDT 2014,1403699129790,139.43873596191406,0.0,
Wed Jun 25 08:25:30 EDT 2014,1403699130192,139.4269256591797,0.0,
Wed Jun 25 08:25:30 EDT 2014,1403699130647,139.45787048339844,0.0,
Wed Jun 25 08:25:30 EDT 2014,1403699130851,139.4374237060547,0.0,
Wed Jun 25 08:25:31 EDT 2014,1403699131943,139.4505157470703,0.0,
Wed Jun 25 08:25:32 EDT 2014,1403699132720,139.47146606445312,0.0,
Wed Jun 25 08:25:32 EDT 2014,1403699132944,139.48196411132812,0.0,
Wed Jun 25 08:25:33 EDT 2014,1403699133486,139.48226928710938,0.0,
Wed Jun 25 08:25:37 EDT 2014,1403699137908,139.4564666748047,0.0,
Wed Jun 25 08:25:40 EDT 2014,1403699140925,139.44358825683594,0.0,
Wed Jun 25 08:25:42 EDT 2014,1403699142516,139.46214294433594,0.0,
Wed Jun 25 08:25:44 EDT 2014,1403699144396,139.49375915527344,0.0,
Wed Jun 25 08:25:44 EDT 2014,1403699144757,139.47732543945312,0.0,
Wed Jun 25 08:25:45 EDT 2014,1403699145764,139.47450256347656,0.0,
Wed Jun 25 08:25:46 EDT 2014,1403699146377,139.47154235839844,0.0,
Wed Jun 25 08:25:46 EDT 2014,1403699146495,139.48190307617188,0.0,
Wed Jun 25 08:25:47 EDT 2014,1403699147198,139.46664428710938,0.0,
Wed Jun 25 08:25:47 EDT 2014,1403699147509,139.4959716796875,0.0,
Wed Jun 25 08:25:47 EDT 2014,1403699147695,139.49513244628906,0.0,
Wed Jun 25 08:25:48 EDT 2014,1403699148149,139.48719787597656,0.0,
Wed Jun 25 08:25:49 EDT 2014,1403699149017,139.4641571044922,0.0,
Wed Jun 25 08:25:49 EDT 2014,1403699149296,139.47767639160156,0.0,
Wed Jun 25 08:25:49 EDT 2014,1403699149533,139.47682189941406,0.0,
Wed Jun 25 08:25:49 EDT 2014,1403699149734,139.47152709960938,0.0,
Wed Jun 25 08:25:50 EDT 2014,1403699150557,139.4853973388672,0.0,
Wed Jun 25 08:25:56 EDT 2014,1403699156251,139.48948669433594,0.0,
Wed Jun 25 08:26:00 EDT 2014,1403699160005,139.51812744140625,0.0,
Wed Jun 25 08:26:00 EDT 2014,1403699160866,139.4913330078125,0.0,
Wed Jun 25 08:26:01 EDT 2014,1403699161210,139.5125732421875,0.0,
Wed Jun 25 08:26:03 EDT 2014,1403699163364,139.5144500732422,0.0,
Wed Jun 25 08:26:03 EDT 2014,1403699163659,139.495849609375,0.0,
Wed Jun 25 08:26:04 EDT 2014,1403699164599,139.49331665039062,0.0,
Wed Jun 25 08:26:05 EDT 2014,1403699165993,139.4665985107422,0.0,
Wed Jun 25 08:26:07 EDT 2014,1403699167466,139.4827117919922,0.0,
Wed Jun 25 08:26:07 EDT 2014,1403699167656,139.48336791992188,0.0,
Wed Jun 25 08:26:08 EDT 2014,1403699168664,139.49969482421875,0.0,
Wed Jun 25 08:26:09 EDT 2014,1403699169269,139.5022430419922,0.0,
Wed Jun 25 08:26:09 EDT 2014,1403699169902,139.49880981445312,0.0,
Wed Jun 25 08:26:14 EDT 2014,1403699174491,139.4578094482422,0.0,
Wed Jun 25 08:26:15 EDT 2014,1403699175656,139.451416015625,0.0,
Wed Jun 25 08:26:16 EDT 2014,1403699176382,139.47422790527344,0.0,
Wed Jun 25 08:26:17 EDT 2014,1403699177058,139.48458862304688,0.0,
Wed Jun 25 08:26:17 EDT 2014,1403699177665,139.45628356933594,0.0,
Wed Jun 25 08:26:17 EDT 2014,1403699177936,139.47938537597656,0.0,
Wed Jun 25 08:26:18 EDT 2014,1403699178462,139.48544311523438,0.0,
Wed Jun 25 08:26:18 EDT 2014,1403699178662,139.4838104248047,0.0,
Wed Jun 25 08:26:19 EDT 2014,1403699179911,139.47238159179688,0.0,
Wed Jun 25 08:26:20 EDT 2014,1403699180343,139.50311279296875,0.0,
Wed Jun 25 08:26:20 EDT 2014,1403699180468,139.5181121826172,0.0,
Wed Jun 25 08:26:20 EDT 2014,1403699180859,139.48519897460938,0.0,
Wed Jun 25 08:26:22 EDT 2014,1403699182367,139.44439697265625,0.0,
Wed Jun 25 08:26:23 EDT 2014,1403699183705,139.4701385498047,0.0,
Wed Jun 25 08:26:25 EDT 2014,1403699185945,139.49490356445312,0.0,
Wed Jun 25 08:26:28 EDT 2014,1403699188123,139.5002899169922,0.0,
Wed Jun 25 08:26:29 EDT 2014,1403699189871,139.48876953125,0.0,
Wed Jun 25 08:26:30 EDT 2014,1403699190070,139.48916625976562,0.0,
Wed Jun 25 08:26:30 EDT 2014,1403699190294,139.49069213867188,0.0,
Wed Jun 25 08:26:30 EDT 2014,1403699190500,139.51658630371094,0.0,
Wed Jun 25 08:26:31 EDT 2014,1403699191470,139.5455322265625,0.0,
Wed Jun 25 08:26:31 EDT 2014,1403699191766,139.51834106445312,0.0,
Wed Jun 25 08:26:31 EDT 2014,1403699191856,139.53302001953125,0.0,
Wed Jun 25 08:26:32 EDT 2014,1403699192069,139.50759887695312,0.0,
Wed Jun 25 08:26:32 EDT 2014,1403699192332,139.51695251464844,0.0,
Wed Jun 25 08:26:32 EDT 2014,1403699192464,139.50808715820312,0.0,
Wed Jun 25 08:26:32 EDT 2014,1403699192897,139.51885986328125,0.0,
Wed Jun 25 08:26:33 EDT 2014,1403699193067,139.51611328125,0.0,
Wed Jun 25 08:26:33 EDT 2014,1403699193282,139.51791381835938,0.0,
Wed Jun 25 08:26:33 EDT 2014,1403699193421,139.49114990234375,0.0,
Wed Jun 25 08:26:33 EDT 2014,1403699193750,139.4964599609375,0.0,
Wed Jun 25 08:26:33 EDT 2014,1403699193866,139.47564697265625,0.0,
Wed Jun 25 08:26:34 EDT 2014,1403699194155,139.47311401367188,0.0,
Wed Jun 25 08:26:34 EDT 2014,1403699194275,139.50350952148438,0.0,
Wed Jun 25 08:26:34 EDT 2014,1403699194489,139.50784301757812,0.0,
Wed Jun 25 08:26:34 EDT 2014,1403699194675,139.51742553710938,0.0,
Wed Jun 25 08:26:34 EDT 2014,1403699194909,139.50027465820312,0.0,
Wed Jun 25 08:26:35 EDT 2014,1403699195061,139.52053833007812,0.0,
Wed Jun 25 08:26:35 EDT 2014,1403699195557,139.50006103515625,0.0,
Wed Jun 25 08:26:35 EDT 2014,1403699195771,139.49830627441406,0.0,
Wed Jun 25 08:26:35 EDT 2014,1403699195908,139.4710235595703,0.0,
Wed Jun 25 08:26:38 EDT 2014,1403699198461,139.51229858398438,0.0,
Wed Jun 25 08:26:39 EDT 2014,1403699199250,139.49868774414062,0.0,
Wed Jun 25 08:26:45 EDT 2014,1403699205547,139.5120391845703,0.0,
Wed Jun 25 08:26:48 EDT 2014,1403699208200,139.48440551757812,0.0,
Wed Jun 25 08:26:48 EDT 2014,1403699208573,139.47760009765625,0.0,
Wed Jun 25 08:26:48 EDT 2014,1403699208950,139.48358154296875,0.0,
Wed Jun 25 08:26:49 EDT 2014,1403699209676,139.4929962158203,0.0,
Wed Jun 25 08:26:57 EDT 2014,1403699217677,139.51315307617188,0.0,
Wed Jun 25 08:26:57 EDT 2014,1403699217922,139.4882354736328,0.0,
Wed Jun 25 08:27:04 EDT 2014,1403699224465,139.4726104736328,0.0,
Wed Jun 25 08:27:05 EDT 2014,1403699225062,139.4838409423828,0.0,
Wed Jun 25 08:27:06 EDT 2014,1403699226069,139.4644012451172,0.0,
Wed Jun 25 08:27:06 EDT 2014,1403699226321,139.47451782226562,0.0,
Wed Jun 25 08:27:06 EDT 2014,1403699226477,139.45433044433594,0.0,
Wed Jun 25 08:27:06 EDT 2014,1403699226827,139.46786499023438,0.0,
Wed Jun 25 08:27:07 EDT 2014,1403699227123,139.47918701171875,0.0,
Wed Jun 25 08:27:07 EDT 2014,1403699227280,139.4773406982422,0.0,
Wed Jun 25 08:27:07 EDT 2014,1403699227540,139.4767608642578,0.0,
Wed Jun 25 08:27:07 EDT 2014,1403699227695,139.4540557861328,0.0,
Wed Jun 25 08:27:11 EDT 2014,1403699231690,139.52926635742188,0.0,
Wed Jun 25 08:27:11 EDT 2014,1403699231868,139.52207946777344,0.0,
Wed Jun 25 08:27:13 EDT 2014,1403699233074,139.5356903076172,0.0,
Wed Jun 25 08:27:14 EDT 2014,1403699234220,139.49368286132812,0.0,
Wed Jun 25 08:27:21 EDT 2014,1403699241281,139.5130157470703,0.0,
Wed Jun 25 08:27:21 EDT 2014,1403699241734,139.50030517578125,0.0,
Wed Jun 25 08:27:54 EDT 2014,1403699274555,139.49497985839844,0.0,
Wed Jun 25 08:27:55 EDT 2014,1403699275131,139.4763641357422,0.0,
Wed Jun 25 08:28:00 EDT 2014,1403699280691,139.46730041503906,0.0,
Wed Jun 25 08:28:03 EDT 2014,1403699283697,139.44180297851562,0.0,
Wed Jun 25 08:28:24 EDT 2014,1403699304285,139.48243713378906,0.0,
Wed Jun 25 08:28:24 EDT 2014,1403699304753,139.48081970214844,0.0,
Wed Jun 25 08:28:24 EDT 2014,1403699304930,139.46954345703125,0.0,
Wed Jun 25 08:28:25 EDT 2014,1403699305112,139.47454833984375,0.0,
Wed Jun 25 08:28:25 EDT 2014,1403699305355,139.48892211914062,0.0,
Wed Jun 25 08:28:25 EDT 2014,1403699305499,139.47564697265625,0.0,
Wed Jun 25 08:28:25 EDT 2014,1403699305742,139.46397399902344,0.0,
Wed Jun 25 08:28:26 EDT 2014,1403699306250,139.4605712890625,0.0,
Wed Jun 25 08:28:27 EDT 2014,1403699307857,139.47999572753906,0.0,
Wed Jun 25 08:28:28 EDT 2014,1403699308306,139.49484252929688,0.0,
Wed Jun 25 08:28:28 EDT 2014,1403699308867,139.4745635986328,0.0,
Wed Jun 25 08:28:34 EDT 2014,1403699314479,139.4913330078125,0.0,
Wed Jun 25 08:28:34 EDT 2014,1403699314653,139.4939422607422,0.0,
Wed Jun 25 08:28:41 EDT 2014,1403699321504,139.48805236816406,0.0,
Wed Jun 25 08:28:42 EDT 2014,1403699322509,139.47845458984375,0.0,
Wed Jun 25 08:28:42 EDT 2014,1403699322930,139.4980926513672,0.0,
Wed Jun 25 08:28:44 EDT 2014,1403699324649,139.46975708007812,0.0,
Wed Jun 25 08:28:44 EDT 2014,1403699324937,139.4661407470703,0.0,
Wed Jun 25 08:28:45 EDT 2014,1403699325283,139.47879028320312,0.0,
Wed Jun 25 08:28:57 EDT 2014,1403699337133,139.49102783203125,0.0,
Wed Jun 25 08:28:57 EDT 2014,1403699337531,139.46881103515625,0.0,
Wed Jun 25 08:28:57 EDT 2014,1403699337910,139.51332092285156,0.0,
Wed Jun 25 08:28:58 EDT 2014,1403699338956,139.49920654296875,0.0,
Wed Jun 25 08:29:00 EDT 2014,1403699340363,139.49722290039062,0.0,
Wed Jun 25 08:29:00 EDT 2014,1403699340483,139.5030517578125,0.0,
Wed Jun 25 08:29:00 EDT 2014,1403699340730,139.48300170898438,0.0,
Wed Jun 25 08:29:01 EDT 2014,1403699341326,139.47193908691406,0.0,
Wed Jun 25 08:29:01 EDT 2014,1403699341555,139.4832305908203,0.0,
Wed Jun 25 08:29:01 EDT 2014,1403699341749,139.48147583007812,0.0,
Wed Jun 25 08:29:13 EDT 2014,1403699353915,139.50180053710938,0.0,
Wed Jun 25 08:29:15 EDT 2014,1403699355335,139.47579956054688,0.0,
Wed Jun 25 08:29:15 EDT 2014,1403699355750,139.48703002929688,0.0,
Wed Jun 25 08:29:16 EDT 2014,1403699356313,139.50033569335938,0.0,
Wed Jun 25 08:29:25 EDT 2014,1403699365504,139.50314331054688,0.0,
Wed Jun 25 08:29:33 EDT 2014,1403699373069,139.48948669433594,0.0,
Wed Jun 25 08:29:33 EDT 2014,1403699373273,139.49974060058594,0.0,
Wed Jun 25 08:29:33 EDT 2014,1403699373511,139.5149383544922,0.0,
Wed Jun 25 08:29:33 EDT 2014,1403699373675,139.52410888671875,0.0,
Wed Jun 25 08:29:35 EDT 2014,1403699375454,139.50421142578125,0.0,
Wed Jun 25 08:29:44 EDT 2014,1403699384754,139.5303192138672,0.0,
Wed Jun 25 08:29:45 EDT 2014,1403699385121,139.4903564453125,0.0,
Wed Jun 25 08:29:45 EDT 2014,1403699385274,139.50796508789062,0.0,
Wed Jun 25 08:29:45 EDT 2014,1403699385673,139.4779815673828,0.0,
Wed Jun 25 08:29:45 EDT 2014,1403699385891,139.4842529296875,0.0,
Wed Jun 25 08:29:46 EDT 2014,1403699386678,139.4922637939453,0.0,
Wed Jun 25 08:29:47 EDT 2014,1403699387897,139.49891662597656,0.0,
Wed Jun 25 08:29:48 EDT 2014,1403699388126,139.4898681640625,0.0,
Wed Jun 25 08:29:48 EDT 2014,1403699388297,139.51580810546875,0.0,
Wed Jun 25 08:29:48 EDT 2014,1403699388487,139.50811767578125,0.0,
Wed Jun 25 08:29:48 EDT 2014,1403699388626,139.50137329101562,0.0,
Wed Jun 25 08:29:49 EDT 2014,1403699389597,139.5175018310547,0.0,
Wed Jun 25 08:29:49 EDT 2014,1403699389597,139.49588012695312,0.0,
Wed Jun 25 08:29:49 EDT 2014,1403699389879,139.491943359375,0.0,
Wed Jun 25 08:29:55 EDT 2014,1403699395280,139.49969482421875,0.0,
Wed Jun 25 08:30:00 EDT 2014,1403699400315,139.4932403564453,0.0,
Wed Jun 25 08:30:01 EDT 2014,1403699401077,139.48716735839844,0.0,
Wed Jun 25 08:30:01 EDT 2014,1403699401299,139.47421264648438,0.0,
Wed Jun 25 08:30:01 EDT 2014,1403699401538,139.47677612304688,0.0,
Wed Jun 25 08:30:01 EDT 2014,1403699401701,139.45103454589844,0.0,
Wed Jun 25 08:30:01 EDT 2014,1403699401878,139.45008850097656,0.0,
Wed Jun 25 08:30:02 EDT 2014,1403699402099,139.46200561523438,0.0,
Wed Jun 25 08:30:02 EDT 2014,1403699402262,139.4692840576172,0.0,
Wed Jun 25 08:30:02 EDT 2014,1403699402643,139.4510040283203,0.0,
Wed Jun 25 08:30:03 EDT 2014,1403699403047,139.4605255126953,0.0,
Wed Jun 25 08:30:03 EDT 2014,1403699403262,139.446533203125,0.0,
Wed Jun 25 08:30:03 EDT 2014,1403699403488,139.4508056640625,0.0,
Wed Jun 25 08:30:03 EDT 2014,1403699403677,139.44967651367188,0.0,
Wed Jun 25 08:30:03 EDT 2014,1403699403841,139.4727325439453,0.0,
Wed Jun 25 08:30:04 EDT 2014,1403699404025,139.46484375,0.0,
Wed Jun 25 08:30:04 EDT 2014,1403699404287,139.44635009765625,0.0,
Wed Jun 25 08:30:04 EDT 2014,1403699404441,139.45938110351562,0.0,
Wed Jun 25 08:30:04 EDT 2014,1403699404636,139.4922332763672,0.0,
Wed Jun 25 08:30:04 EDT 2014,1403699404783,139.48435974121094,0.0,
Wed Jun 25 08:30:05 EDT 2014,1403699405095,139.47390747070312,0.0,
Wed Jun 25 08:30:05 EDT 2014,1403699405289,139.50018310546875,0.0,
Wed Jun 25 08:30:05 EDT 2014,1403699405536,139.49072265625,0.0,
Wed Jun 25 08:30:05 EDT 2014,1403699405877,139.46363830566406,0.0,
Wed Jun 25 08:30:07 EDT 2014,1403699407589,139.50503540039062,0.0,
Wed Jun 25 08:30:08 EDT 2014,1403699408623,139.530029296875,0.0,
Wed Jun 25 08:30:11 EDT 2014,1403699411309,139.47247314453125,0.0,
Wed Jun 25 08:30:17 EDT 2014,1403699417655,139.4837646484375,0.0,
Wed Jun 25 08:30:18 EDT 2014,1403699418087,139.47108459472656,0.0,
Wed Jun 25 08:30:18 EDT 2014,1403699418449,139.52719116210938,0.0,
Wed Jun 25 08:30:18 EDT 2014,1403699418674,139.5092315673828,0.0,
Wed Jun 25 08:30:18 EDT 2014,1403699418845,139.5071563720703,0.0,
Wed Jun 25 08:30:19 EDT 2014,1403699419122,139.52392578125,0.0,
Wed Jun 25 08:30:19 EDT 2014,1403699419970,139.49362182617188,0.0,
Wed Jun 25 08:30:20 EDT 2014,1403699420301,139.51382446289062,0.0,
Wed Jun 25 08:30:20 EDT 2014,1403699420549,139.4614715576172,0.0,
Wed Jun 25 08:30:20 EDT 2014,1403699420895,139.49044799804688,0.0,
Wed Jun 25 08:30:21 EDT 2014,1403699421037,139.4799346923828,0.0,
Wed Jun 25 08:30:21 EDT 2014,1403699421521,139.49832153320312,0.0,
Wed Jun 25 08:30:21 EDT 2014,1403699421710,139.47100830078125,0.0,
Wed Jun 25 08:30:21 EDT 2014,1403699421836,139.4978790283203,0.0,
Wed Jun 25 08:30:22 EDT 2014,1403699422034,139.52392578125,0.0,
Wed Jun 25 08:30:22 EDT 2014,1403699422588,139.4989776611328,0.0,
Wed Jun 25 08:30:22 EDT 2014,1403699422882,139.4747772216797,0.0,
Wed Jun 25 08:30:23 EDT 2014,1403699423397,139.4905242919922,0.0,
Wed Jun 25 08:30:23 EDT 2014,1403699423793,139.4736785888672,0.0,
Wed Jun 25 08:30:26 EDT 2014,1403699426837,139.49249267578125,0.0,
Wed Jun 25 08:30:27 EDT 2014,1403699427315,139.4945831298828,0.0,
Wed Jun 25 08:30:31 EDT 2014,1403699431788,139.48175048828125,0.0,
Wed Jun 25 08:30:34 EDT 2014,1403699434295,139.50596618652344,0.0,
Wed Jun 25 08:30:34 EDT 2014,1403699434435,139.50582885742188,0.0,
Wed Jun 25 08:30:34 EDT 2014,1403699434923,139.4873046875,0.0,
Wed Jun 25 08:30:35 EDT 2014,1403699435186,139.4888916015625,0.0,
Wed Jun 25 08:30:35 EDT 2014,1403699435541,139.4915313720703,0.0,
Wed Jun 25 08:30:36 EDT 2014,1403699436520,139.4979705810547,0.0,
Wed Jun 25 08:30:37 EDT 2014,1403699437291,139.50282287597656,0.0,
Wed Jun 25 08:30:37 EDT 2014,1403699437692,139.50173950195312,0.0,
Wed Jun 25 08:30:41 EDT 2014,1403699441232,139.5208740234375,0.0,
Wed Jun 25 08:30:49 EDT 2014,1403699449686,139.4904022216797,0.0,
Wed Jun 25 08:30:51 EDT 2014,1403699451308,139.484619140625,0.0,
Wed Jun 25 08:30:52 EDT 2014,1403699452322,139.48008728027344,0.0,
Wed Jun 25 08:30:52 EDT 2014,1403699452698,139.50717163085938,0.0,
Wed Jun 25 08:31:05 EDT 2014,1403699465450,139.49244689941406,0.0,
Wed Jun 25 08:31:09 EDT 2014,1403699469722,139.492431640625,0.0,
Wed Jun 25 08:31:20 EDT 2014,1403699480815,139.5083465576172,0.0,
Wed Jun 25 08:31:21 EDT 2014,1403699481868,139.49249267578125,0.0,
Wed Jun 25 08:31:22 EDT 2014,1403699482694,139.4806671142578,0.0,
Wed Jun 25 08:31:23 EDT 2014,1403699483101,139.47877502441406,0.0,
Wed Jun 25 08:31:23 EDT 2014,1403699483321,139.47438049316406,0.0,
Wed Jun 25 08:31:23 EDT 2014,1403699483415,139.4947509765625,0.0,
Wed Jun 25 08:31:23 EDT 2014,1403699483876,139.4996795654297,0.0,
Wed Jun 25 08:31:25 EDT 2014,1403699485105,139.49375915527344,0.0,
Wed Jun 25 08:31:25 EDT 2014,1403699485507,139.4763641357422,0.0,
Wed Jun 25 08:31:37 EDT 2014,1403699497681,139.5047149658203,0.0,
Wed Jun 25 08:31:37 EDT 2014,1403699497891,139.5062713623047,0.0,
Wed Jun 25 08:31:38 EDT 2014,1403699498309,139.49581909179688,0.0,
Wed Jun 25 08:31:38 EDT 2014,1403699498472,139.47811889648438,0.0,
Wed Jun 25 08:31:39 EDT 2014,1403699499525,139.4750213623047,0.0,
Wed Jun 25 08:31:39 EDT 2014,1403699499525,139.48220825195312,0.0,
Wed Jun 25 08:31:39 EDT 2014,1403699499721,139.4908447265625,0.0,
Wed Jun 25 08:31:40 EDT 2014,1403699500149,139.47943115234375,0.0,
Wed Jun 25 08:31:40 EDT 2014,1403699500246,139.49171447753906,0.0,
Wed Jun 25 08:31:40 EDT 2014,1403699500617,139.4767608642578,0.0,
Wed Jun 25 08:31:41 EDT 2014,1403699501479,139.50552368164062,0.0,
Wed Jun 25 08:31:41 EDT 2014,1403699501691,139.48519897460938,0.0,
Wed Jun 25 08:31:41 EDT 2014,1403699501876,139.49807739257812,0.0,
Wed Jun 25 08:31:53 EDT 2014,1403699513470,139.4706268310547,0.0,
Wed Jun 25 08:31:54 EDT 2014,1403699514275,139.51177978515625,0.0,
Wed Jun 25 08:31:55 EDT 2014,1403699515291,139.4806671142578,0.0,
Wed Jun 25 08:31:55 EDT 2014,1403699515460,139.461669921875,0.0,
Wed Jun 25 08:31:56 EDT 2014,1403699516242,139.48989868164062,0.0,
Wed Jun 25 08:31:57 EDT 2014,1403699517227,139.5041961669922,0.0,
Wed Jun 25 08:31:57 EDT 2014,1403699517236,139.50567626953125,0.0,
Wed Jun 25 08:31:57 EDT 2014,1403699517445,139.49819946289062,0.0,
Wed Jun 25 08:31:57 EDT 2014,1403699517599,139.48712158203125,0.0,
Wed Jun 25 08:31:57 EDT 2014,1403699517888,139.473388671875,0.0,
Wed Jun 25 08:32:08 EDT 2014,1403699528028,139.50729370117188,0.0,
Wed Jun 25 08:32:09 EDT 2014,1403699529290,139.51019287109375,0.0,
Wed Jun 25 08:32:10 EDT 2014,1403699530262,139.50430297851562,0.0,
Wed Jun 25 08:32:10 EDT 2014,1403699530448,139.51138305664062,0.0,
Wed Jun 25 08:32:11 EDT 2014,1403699531664,139.493408203125,0.0,
Wed Jun 25 08:32:12 EDT 2014,1403699532824,139.48495483398438,0.0,
Wed Jun 25 08:32:13 EDT 2014,1403699533242,139.47802734375,0.0,
Wed Jun 25 08:32:14 EDT 2014,1403699534388,139.5308837890625,0.0,
Wed Jun 25 08:32:14 EDT 2014,1403699534792,139.52308654785156,0.0,
Wed Jun 25 08:32:16 EDT 2014,1403699536401,139.4733123779297,0.0,
Wed Jun 25 08:32:17 EDT 2014,1403699537641,139.4858856201172,0.0,
Wed Jun 25 08:32:17 EDT 2014,1403699537811,139.47618103027344,0.0,
Wed Jun 25 08:32:18 EDT 2014,1403699538197,139.5039825439453,0.0,
Wed Jun 25 08:32:19 EDT 2014,1403699539462,139.47242736816406,0.0,
Wed Jun 25 08:32:26 EDT 2014,1403699546316,139.45521545410156,0.0,
Wed Jun 25 08:32:26 EDT 2014,1403699546439,139.46005249023438,0.0,
Wed Jun 25 08:32:26 EDT 2014,1403699546732,139.46478271484375,0.0,
Wed Jun 25 08:32:35 EDT 2014,1403699555512,139.47055053710938,0.0,
Wed Jun 25 08:32:40 EDT 2014,1403699560963,139.43887329101562,0.0,
Wed Jun 25 08:32:42 EDT 2014,1403699562569,139.41481018066406,0.0,
Wed Jun 25 08:32:42 EDT 2014,1403699562736,139.42318725585938,0.0,
Wed Jun 25 08:32:43 EDT 2014,1403699563141,139.4410400390625,0.0,
Wed Jun 25 08:32:43 EDT 2014,1403699563555,139.427490234375,0.0,
Wed Jun 25 08:32:43 EDT 2014,1403699563700,139.43490600585938,0.0,
Wed Jun 25 08:32:43 EDT 2014,1403699563918,139.43844604492188,0.0,
Wed Jun 25 08:32:44 EDT 2014,1403699564085,139.45314025878906,0.0,
Wed Jun 25 08:32:44 EDT 2014,1403699564266,139.437255859375,0.0,
Wed Jun 25 08:32:44 EDT 2014,1403699564509,139.43536376953125,0.0,
Wed Jun 25 08:32:44 EDT 2014,1403699564745,139.4414825439453,0.0,
Wed Jun 25 08:32:44 EDT 2014,1403699564816,139.43505859375,0.0,
Wed Jun 25 08:32:45 EDT 2014,1403699565361,139.4551544189453,0.0,
Wed Jun 25 08:32:45 EDT 2014,1403699565531,139.44468688964844,0.0,
Wed Jun 25 08:32:46 EDT 2014,1403699566964,139.46363830566406,0.0,
Wed Jun 25 08:32:47 EDT 2014,1403699567069,139.45797729492188,0.0,
Wed Jun 25 08:32:48 EDT 2014,1403699568030,139.45706176757812,0.0,
Wed Jun 25 08:32:57 EDT 2014,1403699577311,139.42141723632812,0.0,
Wed Jun 25 08:32:58 EDT 2014,1403699578088,139.44020080566406,0.0,
Wed Jun 25 08:32:59 EDT 2014,1403699579303,139.4511260986328,0.0,
Wed Jun 25 08:32:59 EDT 2014,1403699579646,139.4512939453125,0.0,
Wed Jun 25 08:33:01 EDT 2014,1403699581799,139.41537475585938,0.0,
Wed Jun 25 08:33:01 EDT 2014,1403699581954,139.4473876953125,0.0,
Wed Jun 25 08:33:07 EDT 2014,1403699587497,139.4495391845703,0.0,
Wed Jun 25 08:33:14 EDT 2014,1403699594363,139.47291564941406,0.0,
Wed Jun 25 08:33:14 EDT 2014,1403699594803,139.4627685546875,0.0,
Wed Jun 25 08:33:15 EDT 2014,1403699595401,139.46157836914062,0.0,
Wed Jun 25 08:33:15 EDT 2014,1403699595506,139.4722137451172,0.0,
Wed Jun 25 08:33:15 EDT 2014,1403699595788,139.4464874267578,0.0,
Wed Jun 25 08:33:16 EDT 2014,1403699596933,139.458740234375,0.0,
Wed Jun 25 08:33:17 EDT 2014,1403699597778,139.45521545410156,0.0,
Wed Jun 25 08:33:17 EDT 2014,1403699597942,139.43313598632812,0.0,
Wed Jun 25 08:33:38 EDT 2014,1403699618209,139.4280548095703,0.0,
Wed Jun 25 08:33:46 EDT 2014,1403699626348,139.42526245117188,0.0,
Wed Jun 25 08:33:47 EDT 2014,1403699627696,139.4305877685547,0.0,
Wed Jun 25 08:33:48 EDT 2014,1403699628672,139.4271697998047,0.0,
Wed Jun 25 08:33:49 EDT 2014,1403699629404,139.4345703125,0.0,
Wed Jun 25 08:33:49 EDT 2014,1403699629507,139.44203186035156,0.0,
Wed Jun 25 08:33:49 EDT 2014,1403699629780,139.47222900390625,0.0,
Wed Jun 25 08:33:50 EDT 2014,1403699630309,139.45945739746094,0.0,
Wed Jun 25 08:33:50 EDT 2014,1403699630476,139.46170043945312,0.0,
Wed Jun 25 08:33:50 EDT 2014,1403699630679,139.45497131347656,0.0,
Wed Jun 25 08:33:50 EDT 2014,1403699630864,139.462158203125,0.0,
Wed Jun 25 08:33:52 EDT 2014,1403699632233,139.44598388671875,0.0,
Wed Jun 25 08:33:52 EDT 2014,1403699632472,139.4398651123047,0.0,
Wed Jun 25 08:33:52 EDT 2014,1403699632619,139.43113708496094,0.0,
Wed Jun 25 08:33:52 EDT 2014,1403699632864,139.4741668701172,0.0,
Wed Jun 25 08:33:53 EDT 2014,1403699633259,139.4436492919922,0.0,
Wed Jun 25 08:33:53 EDT 2014,1403699633671,139.4232177734375,0.0,
Wed Jun 25 08:33:53 EDT 2014,1403699633861,139.42562866210938,0.0,
Wed Jun 25 08:33:56 EDT 2014,1403699636081,139.4270477294922,0.0,
Wed Jun 25 08:34:03 EDT 2014,1403699643206,139.46484375,0.0,
Wed Jun 25 08:34:03 EDT 2014,1403699643706,139.4359588623047,0.0,
Wed Jun 25 08:34:06 EDT 2014,1403699646314,139.44651794433594,0.0,
Wed Jun 25 08:34:17 EDT 2014,1403699657082,139.41749572753906,0.0,
Wed Jun 25 08:34:18 EDT 2014,1403699658085,139.4493865966797,0.0,
Wed Jun 25 08:34:18 EDT 2014,1403699658726,139.43231201171875,0.0,
Wed Jun 25 08:34:19 EDT 2014,1403699659218,139.44229125976562,0.0,
Wed Jun 25 08:34:22 EDT 2014,1403699662185,139.45999145507812,0.0,
Wed Jun 25 08:34:31 EDT 2014,1403699671217,139.4613800048828,0.0,
Wed Jun 25 08:34:35 EDT 2014,1403699675792,139.4790802001953,0.0,
Wed Jun 25 08:34:36 EDT 2014,1403699676222,139.45242309570312,0.0,
Wed Jun 25 08:34:36 EDT 2014,1403699676503,139.47035217285156,0.0,
Wed Jun 25 08:34:37 EDT 2014,1403699677265,139.4638671875,0.0,
Wed Jun 25 08:34:37 EDT 2014,1403699677471,139.46572875976562,0.0,
Wed Jun 25 08:34:40 EDT 2014,1403699680646,139.47866821289062,0.0,
Wed Jun 25 08:34:42 EDT 2014,1403699682023,139.45697021484375,0.0,
Wed Jun 25 08:34:43 EDT 2014,1403699683700,139.44557189941406,0.0,
Wed Jun 25 08:34:43 EDT 2014,1403699683868,139.4929962158203,0.0,
Wed Jun 25 08:34:44 EDT 2014,1403699684032,139.49949645996094,0.0,
Wed Jun 25 08:34:44 EDT 2014,1403699684268,139.48983764648438,0.0,
Wed Jun 25 08:34:44 EDT 2014,1403699684428,139.4868927001953,0.0,
Wed Jun 25 08:34:44 EDT 2014,1403699684695,139.48452758789062,0.0,
Wed Jun 25 08:34:46 EDT 2014,1403699686848,139.50144958496094,0.0,
Wed Jun 25 08:34:47 EDT 2014,1403699687070,139.5089874267578,0.0,
Wed Jun 25 08:34:47 EDT 2014,1403699687174,139.50149536132812,0.0,
Wed Jun 25 08:34:47 EDT 2014,1403699687448,139.51084899902344,0.0,
Wed Jun 25 08:34:48 EDT 2014,1403699688627,139.46359252929688,0.0,
Wed Jun 25 08:34:48 EDT 2014,1403699688868,139.484619140625,0.0,
Wed Jun 25 08:34:49 EDT 2014,1403699689342,139.46763610839844,0.0,
Wed Jun 25 08:34:49 EDT 2014,1403699689428,139.45970153808594,0.0,
Wed Jun 25 08:34:49 EDT 2014,1403699689695,139.41384887695312,0.0,
Wed Jun 25 08:34:49 EDT 2014,1403699689779,139.43772888183594,0.0,
Wed Jun 25 08:35:08 EDT 2014,1403699708305,139.4619140625,0.0,
Wed Jun 25 08:35:08 EDT 2014,1403699708685,139.46656799316406,0.0,
Wed Jun 25 08:35:08 EDT 2014,1403699708875,139.45457458496094,0.0,
Wed Jun 25 08:35:09 EDT 2014,1403699709032,139.45504760742188,0.0,
Wed Jun 25 08:35:09 EDT 2014,1403699709180,139.45498657226562,0.0,
Wed Jun 25 08:35:10 EDT 2014,1403699710831,139.4644317626953,0.0,
Wed Jun 25 08:35:21 EDT 2014,1403699721782,139.47683715820312,0.0,
Wed Jun 25 08:35:37 EDT 2014,1403699737333,139.4378204345703,0.0,
Wed Jun 25 08:35:42 EDT 2014,1403699742162,139.45138549804688,0.0,
Wed Jun 25 08:36:42 EDT 2014,1403699802738,139.48873901367188,0.0,
Wed Jun 25 08:36:57 EDT 2014,1403699817538,139.5020294189453,0.0,
Wed Jun 25 08:36:58 EDT 2014,1403699818898,139.47740173339844,0.0,
Wed Jun 25 08:37:05 EDT 2014,1403699825388,139.47608947753906,0.0,
Wed Jun 25 08:37:05 EDT 2014,1403699825788,139.47091674804688,0.0,
Wed Jun 25 08:37:06 EDT 2014,1403699826038,139.48171997070312,0.0,
Wed Jun 25 08:37:06 EDT 2014,1403699826178,139.48643493652344,0.0,
Wed Jun 25 08:37:06 EDT 2014,1403699826378,139.48062133789062,0.0,
Wed Jun 25 08:37:06 EDT 2014,1403699826728,139.46458435058594,0.0,
Wed Jun 25 08:37:06 EDT 2014,1403699826768,139.46469116210938,0.0,
Wed Jun 25 08:37:06 EDT 2014,1403699826938,139.4611358642578,0.0,
Wed Jun 25 08:37:07 EDT 2014,1403699827298,139.46636962890625,0.0,
Wed Jun 25 08:37:07 EDT 2014,1403699827458,139.47592163085938,0.0,
Wed Jun 25 08:37:07 EDT 2014,1403699827568,139.4634246826172,0.0,
Wed Jun 25 08:37:07 EDT 2014,1403699827738,139.4564971923828,0.0,
Wed Jun 25 08:37:08 EDT 2014,1403699828038,139.4686279296875,0.0,
Wed Jun 25 08:37:08 EDT 2014,1403699828208,139.47386169433594,0.0,
Wed Jun 25 08:37:08 EDT 2014,1403699828368,139.47308349609375,0.0,
Wed Jun 25 08:37:08 EDT 2014,1403699828788,139.48385620117188,0.0,
Wed Jun 25 08:37:08 EDT 2014,1403699828948,139.4650115966797,0.0,
Wed Jun 25 08:37:09 EDT 2014,1403699829168,139.48275756835938,0.0,
Wed Jun 25 08:37:09 EDT 2014,1403699829338,139.47889709472656,0.0,
Wed Jun 25 08:37:09 EDT 2014,1403699829568,139.4938507080078,0.0,
Wed Jun 25 08:37:09 EDT 2014,1403699829778,139.49024963378906,0.0,
Wed Jun 25 08:37:10 EDT 2014,1403699830168,139.47007751464844,0.0,
Wed Jun 25 08:37:10 EDT 2014,1403699830378,139.48019409179688,0.0,
Wed Jun 25 08:37:10 EDT 2014,1403699830568,139.4795684814453,0.0,
Wed Jun 25 08:37:10 EDT 2014,1403699830778,139.47354125976562,0.0,
Wed Jun 25 08:37:11 EDT 2014,1403699831578,139.47073364257812,0.0,
Wed Jun 25 08:37:12 EDT 2014,1403699832088,139.47544860839844,0.0,
Wed Jun 25 08:37:12 EDT 2014,1403699832418,139.484375,0.0,
Wed Jun 25 08:37:12 EDT 2014,1403699832598,139.50448608398438,0.0,
Wed Jun 25 08:37:13 EDT 2014,1403699833218,139.50222778320312,0.0,
Wed Jun 25 08:37:14 EDT 2014,1403699834298,139.5037078857422,0.0,
Wed Jun 25 08:37:14 EDT 2014,1403699834468,139.49749755859375,0.0,
Wed Jun 25 08:37:14 EDT 2014,1403699834588,139.5141143798828,0.0,
Wed Jun 25 08:37:14 EDT 2014,1403699834738,139.49891662597656,0.0,
Wed Jun 25 08:37:16 EDT 2014,1403699836088,139.47433471679688,0.0,
Wed Jun 25 08:37:17 EDT 2014,1403699837098,139.48475646972656,0.0,
Wed Jun 25 08:37:17 EDT 2014,1403699837408,139.4983367919922,0.0,
Wed Jun 25 08:37:17 EDT 2014,1403699837568,139.51182556152344,0.0,
Wed Jun 25 08:37:17 EDT 2014,1403699837778,139.51918029785156,0.0,
Wed Jun 25 08:37:18 EDT 2014,1403699838048,139.49966430664062,0.0,
Wed Jun 25 08:37:18 EDT 2014,1403699838178,139.49032592773438,0.0,
Wed Jun 25 08:37:18 EDT 2014,1403699838378,139.49256896972656,0.0,
Wed Jun 25 08:37:18 EDT 2014,1403699838638,139.49034118652344,0.0,
Wed Jun 25 08:37:21 EDT 2014,1403699841328,139.48097229003906,0.0,
Wed Jun 25 08:37:22 EDT 2014,1403699842198,139.49005126953125,0.0,
Wed Jun 25 08:37:23 EDT 2014,1403699843868,139.47804260253906,0.0,
Wed Jun 25 08:37:34 EDT 2014,1403699854268,139.49754333496094,0.0,
Wed Jun 25 08:37:50 EDT 2014,1403699870108,139.45751953125,0.0,
