time,ms,motvel,vehvel,
Wed Jun 25 08:16:49 EDT 2014,1403698609195,0.0,0.0,
Wed Jun 25 08:16:49 EDT 2014,1403698609401,0.0,0.0,
Wed Jun 25 08:16:49 EDT 2014,1403698609791,0.0,0.0,
Wed Jun 25 08:16:49 EDT 2014,1403698609959,0.0,0.0,
Wed Jun 25 08:16:50 EDT 2014,1403698610809,0.0,0.0,
Wed Jun 25 08:16:51 EDT 2014,1403698611162,0.0,0.0,
Wed Jun 25 08:16:51 EDT 2014,1403698611392,0.0,0.0,
Wed Jun 25 08:16:51 EDT 2014,1403698611948,0.0,0.0,
Wed Jun 25 08:16:52 EDT 2014,1403698612400,0.0,0.0,
Wed Jun 25 08:16:56 EDT 2014,1403698616265,0.0,0.0,
Wed Jun 25 08:16:56 EDT 2014,1403698616402,0.0,0.0,
Wed Jun 25 08:16:56 EDT 2014,1403698616826,0.0,0.0,
Wed Jun 25 08:16:56 EDT 2014,1403698616996,0.0,0.0,
Wed Jun 25 08:16:57 EDT 2014,1403698617193,0.0,0.0,
Wed Jun 25 08:16:57 EDT 2014,1403698617351,0.0,0.0,
Wed Jun 25 08:16:57 EDT 2014,1403698617606,0.0,0.0,
Wed Jun 25 08:16:57 EDT 2014,1403698617987,0.0,0.0,
Wed Jun 25 08:16:58 EDT 2014,1403698618157,0.0,0.0,
Wed Jun 25 08:16:58 EDT 2014,1403698618661,0.0,0.0,
Wed Jun 25 08:16:58 EDT 2014,1403698618773,0.0,0.0,
Wed Jun 25 08:16:58 EDT 2014,1403698618961,0.0,0.0,
Wed Jun 25 08:16:59 EDT 2014,1403698619200,0.0,0.0,
Wed Jun 25 08:16:59 EDT 2014,1403698619355,0.0,0.0,
Wed Jun 25 08:17:00 EDT 2014,1403698620192,0.0,0.0,
Wed Jun 25 08:17:00 EDT 2014,1403698620399,0.0,0.0,
Wed Jun 25 08:17:01 EDT 2014,1403698621599,0.0,0.0,
Wed Jun 25 08:17:19 EDT 2014,1403698639888,0.0,0.0,
Wed Jun 25 08:17:25 EDT 2014,1403698645300,0.4298686981201172,0.012388333678245544,
Wed Jun 25 08:17:25 EDT 2014,1403698645454,0.4298686981201172,0.012388333678245544,
Wed Jun 25 08:17:25 EDT 2014,1403698645886,0.0,0.0,
Wed Jun 25 08:17:26 EDT 2014,1403698646115,0.0,0.0,
Wed Jun 25 08:17:26 EDT 2014,1403698646269,0.0,0.0,
Wed Jun 25 08:17:26 EDT 2014,1403698646450,0.0,0.0,
Wed Jun 25 08:17:26 EDT 2014,1403698646649,0.0,0.0,
Wed Jun 25 08:17:26 EDT 2014,1403698646842,0.0,0.0,
Wed Jun 25 08:17:27 EDT 2014,1403698647073,0.0,0.0,
Wed Jun 25 08:17:27 EDT 2014,1403698647243,0.0,0.0,
Wed Jun 25 08:17:27 EDT 2014,1403698647432,0.0,0.0,
Wed Jun 25 08:17:27 EDT 2014,1403698647643,0.0,0.0,
Wed Jun 25 08:17:27 EDT 2014,1403698647856,0.0,0.0,
Wed Jun 25 08:17:28 EDT 2014,1403698648090,0.0,0.0,
Wed Jun 25 08:17:28 EDT 2014,1403698648243,0.0,0.0,
Wed Jun 25 08:17:28 EDT 2014,1403698648438,0.0,0.0,
Wed Jun 25 08:17:28 EDT 2014,1403698648654,0.0,0.0,
Wed Jun 25 08:17:28 EDT 2014,1403698648839,0.0,0.0,
Wed Jun 25 08:17:29 EDT 2014,1403698649051,0.0,0.0,
Wed Jun 25 08:17:29 EDT 2014,1403698649245,0.0,0.0,
Wed Jun 25 08:17:29 EDT 2014,1403698649480,0.0,0.0,
Wed Jun 25 08:17:29 EDT 2014,1403698649646,0.0,0.0,
Wed Jun 25 08:17:29 EDT 2014,1403698649892,0.0,0.0,
Wed Jun 25 08:17:30 EDT 2014,1403698650048,0.0,0.0,
Wed Jun 25 08:17:30 EDT 2014,1403698650292,0.0,0.0,
Wed Jun 25 08:17:30 EDT 2014,1403698650447,0.0,0.0,
Wed Jun 25 08:17:35 EDT 2014,1403698655692,0.0,0.0,
Wed Jun 25 08:17:35 EDT 2014,1403698655845,0.0,0.0,
Wed Jun 25 08:17:41 EDT 2014,1403698661247,0.0,0.0,
Wed Jun 25 08:17:41 EDT 2014,1403698661523,0.0,0.0,
Wed Jun 25 08:17:41 EDT 2014,1403698661644,0.0,0.0,
Wed Jun 25 08:17:41 EDT 2014,1403698661855,0.0,0.0,
Wed Jun 25 08:17:42 EDT 2014,1403698662053,0.0,0.0,
Wed Jun 25 08:17:42 EDT 2014,1403698662444,0.0,0.0,
Wed Jun 25 08:17:42 EDT 2014,1403698662653,0.0,0.0,
Wed Jun 25 08:17:42 EDT 2014,1403698662848,0.0,0.0,
Wed Jun 25 08:17:43 EDT 2014,1403698663066,0.0,0.0,
Wed Jun 25 08:17:43 EDT 2014,1403698663253,0.0,0.0,
Wed Jun 25 08:17:43 EDT 2014,1403698663453,0.0,0.0,
Wed Jun 25 08:17:43 EDT 2014,1403698663648,0.0,0.0,
Wed Jun 25 08:17:43 EDT 2014,1403698663865,0.0,0.0,
Wed Jun 25 08:17:44 EDT 2014,1403698664051,0.0,0.0,
Wed Jun 25 08:17:44 EDT 2014,1403698664271,0.0,0.0,
Wed Jun 25 08:17:44 EDT 2014,1403698664404,0.0,0.0,
Wed Jun 25 08:17:44 EDT 2014,1403698664714,0.0,0.0,
Wed Jun 25 08:17:44 EDT 2014,1403698664948,0.0,0.0,
Wed Jun 25 08:17:46 EDT 2014,1403698666261,0.0,0.0,
Wed Jun 25 08:17:46 EDT 2014,1403698666582,0.0,0.0,
Wed Jun 25 08:17:46 EDT 2014,1403698666688,0.0,0.0,
Wed Jun 25 08:17:52 EDT 2014,1403698672046,0.0,0.0,
Wed Jun 25 08:17:52 EDT 2014,1403698672201,0.0,0.0,
Wed Jun 25 08:17:57 EDT 2014,1403698677473,0.0,0.0,
Wed Jun 25 08:17:57 EDT 2014,1403698677601,0.0,0.0,
Wed Jun 25 08:17:57 EDT 2014,1403698677846,0.0,0.0,
Wed Jun 25 08:17:58 EDT 2014,1403698678051,0.0,0.0,
Wed Jun 25 08:17:58 EDT 2014,1403698678253,0.0,0.0,
Wed Jun 25 08:17:58 EDT 2014,1403698678400,0.0,0.0,
Wed Jun 25 08:17:58 EDT 2014,1403698678656,0.0,0.0,
Wed Jun 25 08:17:58 EDT 2014,1403698678996,0.0,0.0,
Wed Jun 25 08:17:59 EDT 2014,1403698679206,0.0,0.0,
Wed Jun 25 08:17:59 EDT 2014,1403698679499,0.0,0.0,
Wed Jun 25 08:17:59 EDT 2014,1403698679610,0.0,0.0,
Wed Jun 25 08:17:59 EDT 2014,1403698679901,0.0,0.0,
Wed Jun 25 08:18:00 EDT 2014,1403698680090,0.0,0.0,
Wed Jun 25 08:18:00 EDT 2014,1403698680302,0.0,0.0,
Wed Jun 25 08:18:00 EDT 2014,1403698680409,0.0,0.0,
Wed Jun 25 08:18:00 EDT 2014,1403698680702,0.0,0.0,
Wed Jun 25 08:18:00 EDT 2014,1403698680805,0.0,0.0,
Wed Jun 25 08:18:01 EDT 2014,1403698681104,0.0,0.0,
Wed Jun 25 08:18:01 EDT 2014,1403698681205,0.0,0.0,
Wed Jun 25 08:18:01 EDT 2014,1403698681492,0.0,0.0,
Wed Jun 25 08:18:01 EDT 2014,1403698681603,0.0,0.0,
Wed Jun 25 08:18:01 EDT 2014,1403698681857,0.0,0.0,
Wed Jun 25 08:18:02 EDT 2014,1403698682049,0.0,0.0,
Wed Jun 25 08:18:02 EDT 2014,1403698682252,0.0,0.0,
Wed Jun 25 08:18:02 EDT 2014,1403698682419,0.0,0.0,
Wed Jun 25 08:18:02 EDT 2014,1403698682741,0.0,0.0,
Wed Jun 25 08:18:02 EDT 2014,1403698682809,0.0,0.0,
Wed Jun 25 08:18:03 EDT 2014,1403698683053,0.0,0.0,
Wed Jun 25 08:18:08 EDT 2014,1403698688259,0.0,0.0,
Wed Jun 25 08:18:13 EDT 2014,1403698693939,0.0,0.0,
Wed Jun 25 08:18:14 EDT 2014,1403698694005,0.0,0.0,
Wed Jun 25 08:18:14 EDT 2014,1403698694200,0.0,0.0,
Wed Jun 25 08:18:14 EDT 2014,1403698694404,0.0,0.0,
Wed Jun 25 08:18:14 EDT 2014,1403698694733,0.0,0.0,
Wed Jun 25 08:18:14 EDT 2014,1403698694829,0.0,0.0,
Wed Jun 25 08:18:14 EDT 2014,1403698694989,0.0,0.0,
Wed Jun 25 08:18:15 EDT 2014,1403698695215,0.0,0.0,
Wed Jun 25 08:18:15 EDT 2014,1403698695521,0.0,0.0,
Wed Jun 25 08:18:15 EDT 2014,1403698695610,0.0,0.0,
Wed Jun 25 08:18:15 EDT 2014,1403698695905,0.0,0.0,
Wed Jun 25 08:18:16 EDT 2014,1403698696117,0.0,0.0,
Wed Jun 25 08:18:16 EDT 2014,1403698696418,0.0,0.0,
Wed Jun 25 08:18:16 EDT 2014,1403698696756,0.0,0.0,
Wed Jun 25 08:18:16 EDT 2014,1403698696811,0.0,0.0,
Wed Jun 25 08:18:16 EDT 2014,1403698696992,0.0,0.0,
Wed Jun 25 08:18:18 EDT 2014,1403698698067,0.0,0.0,
Wed Jun 25 08:18:18 EDT 2014,1403698698070,0.0,0.0,
Wed Jun 25 08:18:18 EDT 2014,1403698698205,0.0,0.0,
Wed Jun 25 08:18:18 EDT 2014,1403698698404,0.0,0.0,
Wed Jun 25 08:18:19 EDT 2014,1403698699049,0.0,0.0,
Wed Jun 25 08:18:31 EDT 2014,1403698711816,0.0,0.0,
Wed Jun 25 08:18:32 EDT 2014,1403698712422,0.0,0.0,
Wed Jun 25 08:18:32 EDT 2014,1403698712607,0.0,0.0,
Wed Jun 25 08:18:32 EDT 2014,1403698712810,0.0,0.0,
Wed Jun 25 08:18:33 EDT 2014,1403698713254,0.0,0.0,
Wed Jun 25 08:18:33 EDT 2014,1403698713672,0.0,0.0,
Wed Jun 25 08:18:45 EDT 2014,1403698725680,0.0,0.0,
Wed Jun 25 08:18:46 EDT 2014,1403698726010,0.0,0.0,
Wed Jun 25 08:18:47 EDT 2014,1403698727135,0.0,0.0,
Wed Jun 25 08:18:48 EDT 2014,1403698728008,0.0,0.0,
Wed Jun 25 08:18:48 EDT 2014,1403698728917,0.0,0.0,
Wed Jun 25 08:18:49 EDT 2014,1403698729152,0.0,0.0,
Wed Jun 25 08:18:49 EDT 2014,1403698729260,0.0,0.0,
Wed Jun 25 08:18:49 EDT 2014,1403698729468,0.0,0.0,
Wed Jun 25 08:18:49 EDT 2014,1403698729877,0.0,0.0,
Wed Jun 25 08:18:50 EDT 2014,1403698730008,0.0,0.0,
Wed Jun 25 08:18:50 EDT 2014,1403698730266,0.0,0.0,
Wed Jun 25 08:18:50 EDT 2014,1403698730461,0.0,0.0,
Wed Jun 25 08:18:50 EDT 2014,1403698730863,0.0,0.0,
Wed Jun 25 08:18:56 EDT 2014,1403698736215,0.0,0.0,
Wed Jun 25 08:18:56 EDT 2014,1403698736463,0.0,0.0,
Wed Jun 25 08:19:01 EDT 2014,1403698741896,0.0,0.0,
Wed Jun 25 08:19:02 EDT 2014,1403698742273,0.0,0.0,
Wed Jun 25 08:19:02 EDT 2014,1403698742427,0.0,0.0,
Wed Jun 25 08:19:03 EDT 2014,1403698743220,0.0,0.0,
Wed Jun 25 08:19:03 EDT 2014,1403698743409,0.0,0.0,
Wed Jun 25 08:19:03 EDT 2014,1403698743613,0.0,0.0,
Wed Jun 25 08:19:03 EDT 2014,1403698743871,0.0,0.0,
Wed Jun 25 08:19:04 EDT 2014,1403698744209,0.0,0.0,
Wed Jun 25 08:19:04 EDT 2014,1403698744414,0.0,0.0,
Wed Jun 25 08:19:04 EDT 2014,1403698744609,0.0,0.0,
Wed Jun 25 08:19:04 EDT 2014,1403698744818,0.0,0.0,
Wed Jun 25 08:19:05 EDT 2014,1403698745072,0.0,0.0,
Wed Jun 25 08:19:05 EDT 2014,1403698745270,0.0,0.0,
Wed Jun 25 08:19:05 EDT 2014,1403698745410,0.0,0.0,
Wed Jun 25 08:19:05 EDT 2014,1403698745670,0.0,0.0,
Wed Jun 25 08:19:05 EDT 2014,1403698745811,0.0,0.0,
Wed Jun 25 08:19:06 EDT 2014,1403698746061,0.0,0.0,
Wed Jun 25 08:19:06 EDT 2014,1403698746211,0.0,0.0,
Wed Jun 25 08:19:06 EDT 2014,1403698746461,0.0,0.0,
Wed Jun 25 08:19:06 EDT 2014,1403698746611,0.0,0.0,
Wed Jun 25 08:19:06 EDT 2014,1403698746861,0.0,0.0,
Wed Jun 25 08:19:07 EDT 2014,1403698747012,0.0,0.0,
Wed Jun 25 08:19:12 EDT 2014,1403698752210,0.0,0.0,
Wed Jun 25 08:19:12 EDT 2014,1403698752422,0.0,0.0,
Wed Jun 25 08:19:17 EDT 2014,1403698757688,0.0,0.0,
Wed Jun 25 08:19:17 EDT 2014,1403698757816,0.0,0.0,
Wed Jun 25 08:19:18 EDT 2014,1403698758012,0.0,0.0,
Wed Jun 25 08:19:18 EDT 2014,1403698758216,0.0,0.0,
Wed Jun 25 08:19:18 EDT 2014,1403698758470,0.0,0.0,
Wed Jun 25 08:19:18 EDT 2014,1403698758617,0.0,0.0,
Wed Jun 25 08:19:18 EDT 2014,1403698758871,0.0,0.0,
Wed Jun 25 08:19:19 EDT 2014,1403698759017,0.0,0.0,
Wed Jun 25 08:19:19 EDT 2014,1403698759271,0.0,0.0,
Wed Jun 25 08:19:19 EDT 2014,1403698759417,0.0,0.0,
Wed Jun 25 08:19:19 EDT 2014,1403698759674,0.0,0.0,
Wed Jun 25 08:19:19 EDT 2014,1403698759818,0.0,0.0,
Wed Jun 25 08:19:20 EDT 2014,1403698760076,0.0,0.0,
Wed Jun 25 08:19:20 EDT 2014,1403698760219,0.0,0.0,
Wed Jun 25 08:19:20 EDT 2014,1403698760475,0.0,0.0,
Wed Jun 25 08:19:20 EDT 2014,1403698760670,0.0,0.0,
Wed Jun 25 08:19:20 EDT 2014,1403698760865,0.0,0.0,
Wed Jun 25 08:19:21 EDT 2014,1403698761071,0.0,0.0,
Wed Jun 25 08:19:21 EDT 2014,1403698761265,0.0,0.0,
Wed Jun 25 08:19:21 EDT 2014,1403698761471,0.0,0.0,
Wed Jun 25 08:19:21 EDT 2014,1403698761645,0.0,0.0,
Wed Jun 25 08:19:21 EDT 2014,1403698761871,0.0,0.0,
Wed Jun 25 08:19:22 EDT 2014,1403698762019,0.0,0.0,
Wed Jun 25 08:19:22 EDT 2014,1403698762189,0.0,0.0,
Wed Jun 25 08:19:22 EDT 2014,1403698762416,0.0,0.0,
Wed Jun 25 08:19:22 EDT 2014,1403698762611,0.0,0.0,
Wed Jun 25 08:19:22 EDT 2014,1403698762816,0.0,0.0,
Wed Jun 25 08:19:23 EDT 2014,1403698763012,0.0,0.0,
Wed Jun 25 08:19:28 EDT 2014,1403698768220,0.0,0.0,
Wed Jun 25 08:19:28 EDT 2014,1403698768473,0.0,0.0,
Wed Jun 25 08:19:33 EDT 2014,1403698773700,0.0,0.0,
Wed Jun 25 08:19:33 EDT 2014,1403698773898,0.0,0.0,
Wed Jun 25 08:19:34 EDT 2014,1403698774084,0.0,0.0,
Wed Jun 25 08:19:34 EDT 2014,1403698774262,0.0,0.0,
Wed Jun 25 08:19:34 EDT 2014,1403698774502,0.0,0.0,
Wed Jun 25 08:19:34 EDT 2014,1403698774684,0.0,0.0,
Wed Jun 25 08:19:34 EDT 2014,1403698774870,0.0,0.0,
Wed Jun 25 08:19:35 EDT 2014,1403698775045,0.0,0.0,
Wed Jun 25 08:19:35 EDT 2014,1403698775249,0.0,0.0,
Wed Jun 25 08:19:35 EDT 2014,1403698775449,0.0,0.0,
Wed Jun 25 08:19:35 EDT 2014,1403698775651,0.0,0.0,
Wed Jun 25 08:19:35 EDT 2014,1403698775857,0.0,0.0,
Wed Jun 25 08:19:36 EDT 2014,1403698776047,0.0,0.0,
Wed Jun 25 08:19:36 EDT 2014,1403698776219,0.0,0.0,
Wed Jun 25 08:19:36 EDT 2014,1403698776459,0.0,0.0,
Wed Jun 25 08:19:36 EDT 2014,1403698776617,0.0,0.0,
Wed Jun 25 08:19:36 EDT 2014,1403698776859,0.0,0.0,
Wed Jun 25 08:19:37 EDT 2014,1403698777050,0.0,0.0,
Wed Jun 25 08:19:37 EDT 2014,1403698777308,0.0,0.0,
Wed Jun 25 08:19:37 EDT 2014,1403698777477,0.0,0.0,
Wed Jun 25 08:19:37 EDT 2014,1403698777708,0.0,0.0,
Wed Jun 25 08:19:37 EDT 2014,1403698777876,0.0,0.0,
Wed Jun 25 08:19:38 EDT 2014,1403698778100,0.0,0.0,
Wed Jun 25 08:19:38 EDT 2014,1403698778283,0.0,0.0,
Wed Jun 25 08:19:38 EDT 2014,1403698778502,0.0,0.0,
Wed Jun 25 08:19:39 EDT 2014,1403698779838,0.0,0.0,
Wed Jun 25 08:19:44 EDT 2014,1403698784323,0.0,0.0,
Wed Jun 25 08:19:44 EDT 2014,1403698784448,0.0,0.0,
Wed Jun 25 08:19:49 EDT 2014,1403698789688,0.0,0.0,
Wed Jun 25 08:19:49 EDT 2014,1403698789861,0.0,0.0,
Wed Jun 25 08:19:50 EDT 2014,1403698790285,0.0,0.0,
Wed Jun 25 08:19:50 EDT 2014,1403698790480,0.0,0.0,
Wed Jun 25 08:19:50 EDT 2014,1403698790728,0.0,0.0,
Wed Jun 25 08:19:50 EDT 2014,1403698790928,0.0,0.0,
Wed Jun 25 08:19:51 EDT 2014,1403698791353,0.0,0.0,
Wed Jun 25 08:19:51 EDT 2014,1403698791519,0.0,0.0,
Wed Jun 25 08:19:51 EDT 2014,1403698791738,0.0,0.0,
Wed Jun 25 08:19:51 EDT 2014,1403698791797,0.0,0.0,
Wed Jun 25 08:19:52 EDT 2014,1403698792154,0.0,0.0,
Wed Jun 25 08:19:52 EDT 2014,1403698792190,0.0,0.0,
Wed Jun 25 08:19:52 EDT 2014,1403698792561,0.0,0.0,
Wed Jun 25 08:19:52 EDT 2014,1403698792568,0.0,0.0,
Wed Jun 25 08:19:52 EDT 2014,1403698792782,0.0,0.0,
Wed Jun 25 08:19:52 EDT 2014,1403698792990,0.0,0.0,
Wed Jun 25 08:19:53 EDT 2014,1403698793226,0.0,0.0,
Wed Jun 25 08:19:53 EDT 2014,1403698793394,0.0,0.0,
Wed Jun 25 08:19:53 EDT 2014,1403698793626,0.0,0.0,
Wed Jun 25 08:19:53 EDT 2014,1403698793792,0.0,0.0,
Wed Jun 25 08:19:54 EDT 2014,1403698794243,0.0,0.0,
Wed Jun 25 08:19:54 EDT 2014,1403698794426,0.0,0.0,
Wed Jun 25 08:19:54 EDT 2014,1403698794644,0.0,0.0,
Wed Jun 25 08:19:54 EDT 2014,1403698794899,0.0,0.0,
Wed Jun 25 08:19:55 EDT 2014,1403698795272,0.0,0.0,
Wed Jun 25 08:19:58 EDT 2014,1403698798492,0.0,0.0,
Wed Jun 25 08:20:13 EDT 2014,1403698813002,0.0,0.0,
Wed Jun 25 08:20:13 EDT 2014,1403698813192,0.0,0.0,
Wed Jun 25 08:20:13 EDT 2014,1403698813388,0.0,0.0,
Wed Jun 25 08:20:13 EDT 2014,1403698813593,0.0,0.0,
Wed Jun 25 08:20:13 EDT 2014,1403698813788,0.0,0.0,
Wed Jun 25 08:20:13 EDT 2014,1403698813993,0.0,0.0,
Wed Jun 25 08:20:14 EDT 2014,1403698814190,0.0,0.0,
Wed Jun 25 08:20:53 EDT 2014,1403698853517,0.0,0.0,
Wed Jun 25 08:20:53 EDT 2014,1403698853774,0.0,0.0,
Wed Jun 25 08:20:54 EDT 2014,1403698854002,0.0,0.0,
Wed Jun 25 08:20:54 EDT 2014,1403698854214,0.0,0.0,
Wed Jun 25 08:20:54 EDT 2014,1403698854797,0.0,0.0,
Wed Jun 25 08:20:54 EDT 2014,1403698854960,0.0,0.0,
Wed Jun 25 08:20:55 EDT 2014,1403698855155,0.0,0.0,
Wed Jun 25 08:20:55 EDT 2014,1403698855360,0.0,0.0,
Wed Jun 25 08:20:55 EDT 2014,1403698855530,0.0,0.0,
Wed Jun 25 08:20:55 EDT 2014,1403698855777,0.0,0.0,
Wed Jun 25 08:20:55 EDT 2014,1403698855955,0.0,0.0,
Wed Jun 25 08:20:56 EDT 2014,1403698856201,0.0,0.0,
Wed Jun 25 08:20:57 EDT 2014,1403698857234,0.0,0.0,
Wed Jun 25 08:20:57 EDT 2014,1403698857462,0.0,0.0,
Wed Jun 25 08:20:57 EDT 2014,1403698857550,0.0,0.0,
Wed Jun 25 08:20:57 EDT 2014,1403698857714,0.0,0.0,
Wed Jun 25 08:20:57 EDT 2014,1403698857919,0.0,0.0,
Wed Jun 25 08:20:58 EDT 2014,1403698858332,0.0,0.0,
Wed Jun 25 08:20:58 EDT 2014,1403698858643,0.0,0.0,
Wed Jun 25 08:20:58 EDT 2014,1403698858772,0.0,0.0,
Wed Jun 25 08:20:58 EDT 2014,1403698858985,0.0,0.0,
Wed Jun 25 08:20:59 EDT 2014,1403698859198,0.0,0.0,
Wed Jun 25 08:20:59 EDT 2014,1403698859366,0.0,0.0,
Wed Jun 25 08:20:59 EDT 2014,1403698859755,0.0,0.0,
Wed Jun 25 08:20:59 EDT 2014,1403698859932,0.0,0.0,
Wed Jun 25 08:21:00 EDT 2014,1403698860196,0.0,0.0,
Wed Jun 25 08:21:00 EDT 2014,1403698860392,0.0,0.0,
Wed Jun 25 08:21:00 EDT 2014,1403698860803,0.0,0.0,
Wed Jun 25 08:21:00 EDT 2014,1403698860926,0.0,0.0,
Wed Jun 25 08:21:01 EDT 2014,1403698861165,0.0,0.0,
Wed Jun 25 08:21:01 EDT 2014,1403698861706,0.0,0.0,
Wed Jun 25 08:21:01 EDT 2014,1403698861962,0.0,0.0,
Wed Jun 25 08:21:02 EDT 2014,1403698862377,0.0,0.0,
Wed Jun 25 08:21:02 EDT 2014,1403698862519,0.0,0.0,
Wed Jun 25 08:21:02 EDT 2014,1403698862784,0.0,0.0,
Wed Jun 25 08:21:02 EDT 2014,1403698862995,0.0,0.0,
Wed Jun 25 08:21:03 EDT 2014,1403698863180,0.0,0.0,
Wed Jun 25 08:21:03 EDT 2014,1403698863330,0.0,0.0,
Wed Jun 25 08:21:03 EDT 2014,1403698863722,0.0,0.0,
Wed Jun 25 08:21:04 EDT 2014,1403698864163,0.0,0.0,
Wed Jun 25 08:21:04 EDT 2014,1403698864370,0.0,0.0,
Wed Jun 25 08:21:05 EDT 2014,1403698865362,0.0,0.0,
Wed Jun 25 08:21:38 EDT 2014,1403698898365,0.0,0.0,
Wed Jun 25 08:21:38 EDT 2014,1403698898512,0.0,0.0,
Wed Jun 25 08:21:38 EDT 2014,1403698898729,0.0,0.0,
Wed Jun 25 08:21:38 EDT 2014,1403698898938,0.0,0.0,
Wed Jun 25 08:21:39 EDT 2014,1403698899175,0.0,0.0,
Wed Jun 25 08:21:39 EDT 2014,1403698899722,0.0,0.0,
Wed Jun 25 08:21:39 EDT 2014,1403698899926,0.0,0.0,
Wed Jun 25 08:21:40 EDT 2014,1403698900170,0.0,0.0,
Wed Jun 25 08:21:40 EDT 2014,1403698900438,0.0,0.0,
Wed Jun 25 08:21:40 EDT 2014,1403698900530,0.0,0.0,
Wed Jun 25 08:21:41 EDT 2014,1403698901568,0.0,0.0,
Wed Jun 25 08:21:41 EDT 2014,1403698901731,0.0,0.0,
Wed Jun 25 08:21:41 EDT 2014,1403698901920,0.0,0.0,
Wed Jun 25 08:21:42 EDT 2014,1403698902162,0.0,0.0,
Wed Jun 25 08:21:42 EDT 2014,1403698902367,0.0,0.0,
Wed Jun 25 08:21:42 EDT 2014,1403698902523,0.0,0.0,
Wed Jun 25 08:21:42 EDT 2014,1403698902796,0.0,0.0,
Wed Jun 25 08:21:42 EDT 2014,1403698902943,0.0,0.0,
Wed Jun 25 08:21:43 EDT 2014,1403698903173,0.0,0.0,
Wed Jun 25 08:21:43 EDT 2014,1403698903325,0.0,0.0,
Wed Jun 25 08:21:44 EDT 2014,1403698904234,0.0,0.0,
Wed Jun 25 08:21:45 EDT 2014,1403698905017,0.0,0.0,
Wed Jun 25 08:21:45 EDT 2014,1403698905169,0.0,0.0,
Wed Jun 25 08:21:45 EDT 2014,1403698905531,0.0,0.0,
Wed Jun 25 08:21:45 EDT 2014,1403698905782,0.0,0.0,
Wed Jun 25 08:21:46 EDT 2014,1403698906250,0.0,0.0,
Wed Jun 25 08:21:46 EDT 2014,1403698906722,0.0,0.0,
Wed Jun 25 08:21:46 EDT 2014,1403698906966,0.0,0.0,
Wed Jun 25 08:21:47 EDT 2014,1403698907176,0.0,0.0,
Wed Jun 25 08:21:47 EDT 2014,1403698907368,0.0,0.0,
Wed Jun 25 08:21:47 EDT 2014,1403698907564,0.0,0.0,
Wed Jun 25 08:21:48 EDT 2014,1403698908325,0.0,0.0,
Wed Jun 25 08:21:48 EDT 2014,1403698908557,0.0,0.0,
Wed Jun 25 08:21:48 EDT 2014,1403698908739,0.0,0.0,
Wed Jun 25 08:21:49 EDT 2014,1403698909635,0.0,0.0,
Wed Jun 25 08:21:49 EDT 2014,1403698909730,0.0,0.0,
Wed Jun 25 08:21:50 EDT 2014,1403698910232,0.0,0.0,
Wed Jun 25 08:21:50 EDT 2014,1403698910971,0.0,0.0,
Wed Jun 25 08:21:51 EDT 2014,1403698911326,0.0,0.0,
Wed Jun 25 08:21:51 EDT 2014,1403698911804,0.0,0.0,
Wed Jun 25 08:21:51 EDT 2014,1403698911954,0.0,0.0,
Wed Jun 25 08:21:52 EDT 2014,1403698912127,0.0,0.0,
Wed Jun 25 08:21:52 EDT 2014,1403698912329,0.0,0.0,
Wed Jun 25 08:21:52 EDT 2014,1403698912568,0.0,0.0,
Wed Jun 25 08:21:53 EDT 2014,1403698913738,0.0,0.0,
Wed Jun 25 08:21:53 EDT 2014,1403698913936,0.0,0.0,
Wed Jun 25 08:21:54 EDT 2014,1403698914926,0.0,0.0,
Wed Jun 25 08:21:55 EDT 2014,1403698915600,0.0,0.0,
Wed Jun 25 08:21:55 EDT 2014,1403698915791,0.0,0.0,
Wed Jun 25 08:21:56 EDT 2014,1403698916136,0.0,0.0,
Wed Jun 25 08:21:56 EDT 2014,1403698916309,0.0,0.0,
Wed Jun 25 08:21:56 EDT 2014,1403698916529,0.0,0.0,
Wed Jun 25 08:21:56 EDT 2014,1403698916729,0.0,0.0,
Wed Jun 25 08:21:56 EDT 2014,1403698916928,0.0,0.0,
Wed Jun 25 08:21:57 EDT 2014,1403698917123,0.0,0.0,
Wed Jun 25 08:21:57 EDT 2014,1403698917280,0.0,0.0,
Wed Jun 25 08:21:58 EDT 2014,1403698918632,0.0,0.0,
Wed Jun 25 08:22:03 EDT 2014,1403698923226,0.0,0.0,
Wed Jun 25 08:22:08 EDT 2014,1403698928929,0.0,0.0,
Wed Jun 25 08:22:09 EDT 2014,1403698929126,0.0,0.0,
Wed Jun 25 08:22:09 EDT 2014,1403698929283,0.0,0.0,
Wed Jun 25 08:22:14 EDT 2014,1403698934024,0.0,0.0,
Wed Jun 25 08:22:14 EDT 2014,1403698934632,0.0,0.0,
Wed Jun 25 08:22:14 EDT 2014,1403698934778,0.0,0.0,
Wed Jun 25 08:22:15 EDT 2014,1403698935131,0.0,0.0,
Wed Jun 25 08:22:15 EDT 2014,1403698935485,0.0,0.0,
Wed Jun 25 08:22:16 EDT 2014,1403698936367,0.0,0.0,
Wed Jun 25 08:22:16 EDT 2014,1403698936830,0.0,0.0,
Wed Jun 25 08:22:18 EDT 2014,1403698938260,0.0,0.0,
Wed Jun 25 08:22:18 EDT 2014,1403698938635,0.0,0.0,
Wed Jun 25 08:22:19 EDT 2014,1403698939419,0.0,0.0,
Wed Jun 25 08:22:21 EDT 2014,1403698941382,0.0,0.0,
Wed Jun 25 08:22:30 EDT 2014,1403698950255,0.0,0.0,
Wed Jun 25 08:22:32 EDT 2014,1403698952292,0.0,0.0,
Wed Jun 25 08:22:33 EDT 2014,1403698953040,0.0,0.0,
Wed Jun 25 08:22:33 EDT 2014,1403698953388,0.0,0.0,
Wed Jun 25 08:22:34 EDT 2014,1403698954298,0.0,0.0,
Wed Jun 25 08:22:34 EDT 2014,1403698954580,0.0,0.0,
Wed Jun 25 08:22:41 EDT 2014,1403698961239,0.0,0.0,
Wed Jun 25 08:22:47 EDT 2014,1403698967078,0.0,0.0,
Wed Jun 25 08:22:47 EDT 2014,1403698967682,0.0,0.0,
Wed Jun 25 08:22:48 EDT 2014,1403698968842,0.0,0.0,
Wed Jun 25 08:22:49 EDT 2014,1403698969649,0.0,0.0,
Wed Jun 25 08:22:50 EDT 2014,1403698970592,0.0,0.0,
Wed Jun 25 08:22:57 EDT 2014,1403698977050,0.0,0.0,
Wed Jun 25 08:22:57 EDT 2014,1403698977086,0.0,0.0,
Wed Jun 25 08:23:03 EDT 2014,1403698983175,0.0,0.0,
Wed Jun 25 08:23:04 EDT 2014,1403698984988,0.0,0.0,
Wed Jun 25 08:23:05 EDT 2014,1403698985845,0.0,0.0,
Wed Jun 25 08:23:06 EDT 2014,1403698986280,0.0,0.0,
Wed Jun 25 08:23:06 EDT 2014,1403698986775,0.0,0.0,
Wed Jun 25 08:23:07 EDT 2014,1403698987168,0.0,0.0,
Wed Jun 25 08:23:07 EDT 2014,1403698987365,0.0,0.0,
Wed Jun 25 08:23:09 EDT 2014,1403698989968,0.0,0.0,
Wed Jun 25 08:23:19 EDT 2014,1403698999836,0.0,0.0,
Wed Jun 25 08:23:19 EDT 2014,1403698999946,0.0,0.0,
Wed Jun 25 08:23:36 EDT 2014,1403699016398,0.0,0.0,
Wed Jun 25 08:23:38 EDT 2014,1403699018398,0.0,0.0,
Wed Jun 25 08:23:38 EDT 2014,1403699018796,0.0,0.0,
Wed Jun 25 08:23:39 EDT 2014,1403699019190,0.0,0.0,
Wed Jun 25 08:23:39 EDT 2014,1403699019601,0.0,0.0,
Wed Jun 25 08:23:39 EDT 2014,1403699019834,0.0,0.0,
Wed Jun 25 08:23:44 EDT 2014,1403699024160,0.0,0.0,
Wed Jun 25 08:23:44 EDT 2014,1403699024296,0.0,0.0,
Wed Jun 25 08:23:44 EDT 2014,1403699024499,0.0,0.0,
Wed Jun 25 08:23:45 EDT 2014,1403699025387,0.0,0.0,
Wed Jun 25 08:23:52 EDT 2014,1403699032956,0.0,0.0,
Wed Jun 25 08:23:53 EDT 2014,1403699033996,0.0,0.0,
Wed Jun 25 08:23:54 EDT 2014,1403699034258,0.0,0.0,
Wed Jun 25 08:23:54 EDT 2014,1403699034774,0.0,0.0,
Wed Jun 25 08:23:55 EDT 2014,1403699035154,0.0,0.0,
Wed Jun 25 08:24:10 EDT 2014,1403699050457,0.0,0.0,
Wed Jun 25 08:24:26 EDT 2014,1403699066842,0.0,0.0,
Wed Jun 25 08:24:27 EDT 2014,1403699067677,0.0,0.0,
Wed Jun 25 08:24:28 EDT 2014,1403699068350,0.0,0.0,
Wed Jun 25 08:24:29 EDT 2014,1403699069676,0.0,0.0,
Wed Jun 25 08:24:33 EDT 2014,1403699073877,0.0,0.0,
Wed Jun 25 08:24:40 EDT 2014,1403699080572,0.0,0.0,
Wed Jun 25 08:24:43 EDT 2014,1403699083827,0.0,0.0,
Wed Jun 25 08:24:49 EDT 2014,1403699089334,0.0,0.0,
Wed Jun 25 08:24:50 EDT 2014,1403699090476,0.0,0.0,
Wed Jun 25 08:24:51 EDT 2014,1403699091416,0.0,0.0,
Wed Jun 25 08:24:51 EDT 2014,1403699091614,0.0,0.0,
Wed Jun 25 08:24:52 EDT 2014,1403699092151,0.0,0.0,
Wed Jun 25 08:24:56 EDT 2014,1403699096393,0.0,0.0,
Wed Jun 25 08:24:56 EDT 2014,1403699096804,0.0,0.0,
Wed Jun 25 08:24:56 EDT 2014,1403699096885,0.0,0.0,
Wed Jun 25 08:24:58 EDT 2014,1403699098394,0.0,0.0,
Wed Jun 25 08:25:05 EDT 2014,1403699105791,0.0,0.0,
Wed Jun 25 08:25:08 EDT 2014,1403699108141,0.0,0.0,
Wed Jun 25 08:25:08 EDT 2014,1403699108325,0.0,0.0,
Wed Jun 25 08:25:08 EDT 2014,1403699108525,0.0,0.0,
Wed Jun 25 08:25:08 EDT 2014,1403699108933,0.0,0.0,
Wed Jun 25 08:25:09 EDT 2014,1403699109889,0.0,0.0,
Wed Jun 25 08:25:10 EDT 2014,1403699110256,0.0,0.0,
Wed Jun 25 08:25:11 EDT 2014,1403699111029,0.0,0.0,
Wed Jun 25 08:25:13 EDT 2014,1403699113437,0.0,0.0,
Wed Jun 25 08:25:13 EDT 2014,1403699113486,0.0,0.0,
Wed Jun 25 08:25:13 EDT 2014,1403699113691,0.0,0.0,
Wed Jun 25 08:25:14 EDT 2014,1403699114038,0.0,0.0,
Wed Jun 25 08:25:14 EDT 2014,1403699114163,0.0,0.0,
Wed Jun 25 08:25:14 EDT 2014,1403699114839,0.0,0.0,
Wed Jun 25 08:25:14 EDT 2014,1403699114850,0.0,0.0,
Wed Jun 25 08:25:15 EDT 2014,1403699115164,0.0,0.0,
Wed Jun 25 08:25:15 EDT 2014,1403699115282,0.0,0.0,
Wed Jun 25 08:25:16 EDT 2014,1403699116289,0.0,0.0,
Wed Jun 25 08:25:16 EDT 2014,1403699116494,0.0,0.0,
Wed Jun 25 08:25:16 EDT 2014,1403699116694,0.0,0.0,
Wed Jun 25 08:25:16 EDT 2014,1403699116940,0.0,0.0,
Wed Jun 25 08:25:18 EDT 2014,1403699118070,0.0,0.0,
Wed Jun 25 08:25:20 EDT 2014,1403699120271,0.0,0.0,
Wed Jun 25 08:25:20 EDT 2014,1403699120547,0.0,0.0,
Wed Jun 25 08:25:22 EDT 2014,1403699122035,0.0,0.0,
Wed Jun 25 08:25:27 EDT 2014,1403699127296,0.0,0.0,
Wed Jun 25 08:25:27 EDT 2014,1403699127490,0.0,0.0,
Wed Jun 25 08:25:27 EDT 2014,1403699127784,0.0,0.0,
Wed Jun 25 08:25:28 EDT 2014,1403699128515,0.0,0.0,
Wed Jun 25 08:25:28 EDT 2014,1403699128792,0.0,0.0,
Wed Jun 25 08:25:29 EDT 2014,1403699129375,0.0,0.0,
Wed Jun 25 08:25:29 EDT 2014,1403699129790,0.0,0.0,
Wed Jun 25 08:25:30 EDT 2014,1403699130192,0.0,0.0,
Wed Jun 25 08:25:30 EDT 2014,1403699130647,0.0,0.0,
Wed Jun 25 08:25:30 EDT 2014,1403699130851,0.0,0.0,
Wed Jun 25 08:25:31 EDT 2014,1403699131943,0.0,0.0,
Wed Jun 25 08:25:32 EDT 2014,1403699132720,0.0,0.0,
Wed Jun 25 08:25:32 EDT 2014,1403699132944,0.0,0.0,
Wed Jun 25 08:25:33 EDT 2014,1403699133486,0.0,0.0,
Wed Jun 25 08:25:37 EDT 2014,1403699137908,0.0,0.0,
Wed Jun 25 08:25:40 EDT 2014,1403699140925,0.0,0.0,
Wed Jun 25 08:25:42 EDT 2014,1403699142516,0.0,0.0,
Wed Jun 25 08:25:44 EDT 2014,1403699144396,0.0,0.0,
Wed Jun 25 08:25:44 EDT 2014,1403699144756,0.0,0.0,
Wed Jun 25 08:25:45 EDT 2014,1403699145764,0.0,0.0,
Wed Jun 25 08:25:46 EDT 2014,1403699146377,0.0,0.0,
Wed Jun 25 08:25:46 EDT 2014,1403699146495,0.0,0.0,
Wed Jun 25 08:25:47 EDT 2014,1403699147509,0.0,0.0,
Wed Jun 25 08:25:47 EDT 2014,1403699147695,0.0,0.0,
Wed Jun 25 08:25:48 EDT 2014,1403699148149,0.0,0.0,
Wed Jun 25 08:25:49 EDT 2014,1403699149017,0.0,0.0,
Wed Jun 25 08:25:49 EDT 2014,1403699149296,0.0,0.0,
Wed Jun 25 08:25:49 EDT 2014,1403699149533,0.0,0.0,
Wed Jun 25 08:25:49 EDT 2014,1403699149734,0.0,0.0,
Wed Jun 25 08:25:50 EDT 2014,1403699150557,0.0,0.0,
Wed Jun 25 08:25:56 EDT 2014,1403699156251,0.4253983497619629,0.01225950289517641,
Wed Jun 25 08:26:00 EDT 2014,1403699160005,0.0,0.0,
Wed Jun 25 08:26:00 EDT 2014,1403699160866,0.0,0.0,
Wed Jun 25 08:26:03 EDT 2014,1403699163364,0.0,0.0,
Wed Jun 25 08:26:03 EDT 2014,1403699163659,0.0,0.0,
Wed Jun 25 08:26:04 EDT 2014,1403699164599,0.0,0.0,
Wed Jun 25 08:26:05 EDT 2014,1403699165993,0.0,0.0,
Wed Jun 25 08:26:07 EDT 2014,1403699167466,0.0,0.0,
Wed Jun 25 08:26:07 EDT 2014,1403699167656,0.0,0.0,
Wed Jun 25 08:26:08 EDT 2014,1403699168664,0.0,0.0,
Wed Jun 25 08:26:09 EDT 2014,1403699169269,0.0,0.0,
Wed Jun 25 08:26:09 EDT 2014,1403699169902,0.0,0.0,
Wed Jun 25 08:26:14 EDT 2014,1403699174491,0.0,0.0,
Wed Jun 25 08:26:15 EDT 2014,1403699175656,0.0,0.0,
Wed Jun 25 08:26:16 EDT 2014,1403699176382,0.0,0.0,
Wed Jun 25 08:26:17 EDT 2014,1403699177058,0.0,0.0,
Wed Jun 25 08:26:17 EDT 2014,1403699177665,0.0,0.0,
Wed Jun 25 08:26:17 EDT 2014,1403699177936,0.0,0.0,
Wed Jun 25 08:26:18 EDT 2014,1403699178462,0.0,0.0,
Wed Jun 25 08:26:18 EDT 2014,1403699178662,0.0,0.0,
Wed Jun 25 08:26:19 EDT 2014,1403699179911,0.0,0.0,
Wed Jun 25 08:26:20 EDT 2014,1403699180343,0.0,0.0,
Wed Jun 25 08:26:20 EDT 2014,1403699180467,0.0,0.0,
Wed Jun 25 08:26:20 EDT 2014,1403699180859,0.0,0.0,
Wed Jun 25 08:26:22 EDT 2014,1403699182367,0.5098879337310791,0.014694398269057274,
Wed Jun 25 08:26:23 EDT 2014,1403699183705,0.0,0.0,
Wed Jun 25 08:26:25 EDT 2014,1403699185945,0.0,0.0,
Wed Jun 25 08:26:28 EDT 2014,1403699188123,0.0,0.0,
Wed Jun 25 08:26:29 EDT 2014,1403699189871,0.0,0.0,
Wed Jun 25 08:26:30 EDT 2014,1403699190070,0.0,0.0,
Wed Jun 25 08:26:30 EDT 2014,1403699190294,0.0,0.0,
Wed Jun 25 08:26:30 EDT 2014,1403699190500,0.0,0.0,
Wed Jun 25 08:26:31 EDT 2014,1403699191470,0.0,0.0,
Wed Jun 25 08:26:31 EDT 2014,1403699191766,0.0,0.0,
Wed Jun 25 08:26:31 EDT 2014,1403699191856,0.0,0.0,
Wed Jun 25 08:26:32 EDT 2014,1403699192069,0.0,0.0,
Wed Jun 25 08:26:32 EDT 2014,1403699192332,0.0,0.0,
Wed Jun 25 08:26:32 EDT 2014,1403699192464,0.0,0.0,
Wed Jun 25 08:26:32 EDT 2014,1403699192897,0.0,0.0,
Wed Jun 25 08:26:33 EDT 2014,1403699193067,0.0,0.0,
Wed Jun 25 08:26:33 EDT 2014,1403699193282,0.0,0.0,
Wed Jun 25 08:26:33 EDT 2014,1403699193421,0.0,0.0,
Wed Jun 25 08:26:33 EDT 2014,1403699193750,0.0,0.0,
Wed Jun 25 08:26:33 EDT 2014,1403699193866,0.0,0.0,
Wed Jun 25 08:26:34 EDT 2014,1403699194155,0.0,0.0,
Wed Jun 25 08:26:34 EDT 2014,1403699194275,0.0,0.0,
Wed Jun 25 08:26:34 EDT 2014,1403699194489,0.0,0.0,
Wed Jun 25 08:26:34 EDT 2014,1403699194675,0.0,0.0,
Wed Jun 25 08:26:34 EDT 2014,1403699194909,0.0,0.0,
Wed Jun 25 08:26:35 EDT 2014,1403699195061,0.0,0.0,
Wed Jun 25 08:26:35 EDT 2014,1403699195557,0.0,0.0,
Wed Jun 25 08:26:35 EDT 2014,1403699195771,0.0,0.0,
Wed Jun 25 08:26:35 EDT 2014,1403699195908,0.0,0.0,
Wed Jun 25 08:26:38 EDT 2014,1403699198461,0.0,0.0,
Wed Jun 25 08:26:39 EDT 2014,1403699199250,0.0,0.0,
Wed Jun 25 08:26:45 EDT 2014,1403699205547,0.0,0.0,
Wed Jun 25 08:26:48 EDT 2014,1403699208200,0.0,0.0,
Wed Jun 25 08:26:48 EDT 2014,1403699208573,0.0,0.0,
Wed Jun 25 08:26:48 EDT 2014,1403699208950,0.0,0.0,
Wed Jun 25 08:26:49 EDT 2014,1403699209676,0.0,0.0,
Wed Jun 25 08:26:57 EDT 2014,1403699217677,0.0,0.0,
Wed Jun 25 08:26:57 EDT 2014,1403699217922,0.0,0.0,
Wed Jun 25 08:27:04 EDT 2014,1403699224465,0.0,0.0,
Wed Jun 25 08:27:05 EDT 2014,1403699225062,0.0,0.0,
Wed Jun 25 08:27:06 EDT 2014,1403699226069,0.0,0.0,
Wed Jun 25 08:27:06 EDT 2014,1403699226321,0.0,0.0,
Wed Jun 25 08:27:06 EDT 2014,1403699226477,0.0,0.0,
Wed Jun 25 08:27:06 EDT 2014,1403699226827,0.0,0.0,
Wed Jun 25 08:27:07 EDT 2014,1403699227123,0.0,0.0,
Wed Jun 25 08:27:07 EDT 2014,1403699227280,0.0,0.0,
Wed Jun 25 08:27:07 EDT 2014,1403699227540,0.0,0.0,
Wed Jun 25 08:27:07 EDT 2014,1403699227695,0.0,0.0,
Wed Jun 25 08:27:11 EDT 2014,1403699231690,0.0,0.0,
Wed Jun 25 08:27:11 EDT 2014,1403699231868,0.0,0.0,
Wed Jun 25 08:27:13 EDT 2014,1403699233074,0.0,0.0,
Wed Jun 25 08:27:14 EDT 2014,1403699234220,0.0,0.0,
Wed Jun 25 08:27:21 EDT 2014,1403699241281,0.0,0.0,
Wed Jun 25 08:27:21 EDT 2014,1403699241734,0.0,0.0,
Wed Jun 25 08:27:54 EDT 2014,1403699274555,0.0,0.0,
Wed Jun 25 08:27:55 EDT 2014,1403699275131,0.0,0.0,
Wed Jun 25 08:28:00 EDT 2014,1403699280691,0.0,0.0,
Wed Jun 25 08:28:03 EDT 2014,1403699283697,0.0,0.0,
Wed Jun 25 08:28:24 EDT 2014,1403699304285,0.0,0.0,
Wed Jun 25 08:28:24 EDT 2014,1403699304753,0.0,0.0,
Wed Jun 25 08:28:24 EDT 2014,1403699304930,0.0,0.0,
Wed Jun 25 08:28:25 EDT 2014,1403699305112,0.0,0.0,
Wed Jun 25 08:28:25 EDT 2014,1403699305355,0.0,0.0,
Wed Jun 25 08:28:25 EDT 2014,1403699305499,0.0,0.0,
Wed Jun 25 08:28:25 EDT 2014,1403699305742,0.0,0.0,
Wed Jun 25 08:28:26 EDT 2014,1403699306250,0.0,0.0,
Wed Jun 25 08:28:27 EDT 2014,1403699307857,0.0,0.0,
Wed Jun 25 08:28:28 EDT 2014,1403699308306,0.0,0.0,
Wed Jun 25 08:28:28 EDT 2014,1403699308867,0.0,0.0,
Wed Jun 25 08:28:34 EDT 2014,1403699314479,0.0,0.0,
Wed Jun 25 08:28:34 EDT 2014,1403699314653,0.0,0.0,
Wed Jun 25 08:28:41 EDT 2014,1403699321504,0.0,0.0,
Wed Jun 25 08:28:42 EDT 2014,1403699322509,0.0,0.0,
Wed Jun 25 08:28:42 EDT 2014,1403699322930,0.0,0.0,
Wed Jun 25 08:28:44 EDT 2014,1403699324649,0.0,0.0,
Wed Jun 25 08:28:44 EDT 2014,1403699324937,0.0,0.0,
Wed Jun 25 08:28:45 EDT 2014,1403699325283,0.0,0.0,
Wed Jun 25 08:28:57 EDT 2014,1403699337133,0.0,0.0,
Wed Jun 25 08:28:57 EDT 2014,1403699337530,0.0,0.0,
Wed Jun 25 08:28:57 EDT 2014,1403699337910,0.0,0.0,
Wed Jun 25 08:28:58 EDT 2014,1403699338956,0.0,0.0,
Wed Jun 25 08:29:00 EDT 2014,1403699340363,0.0,0.0,
Wed Jun 25 08:29:00 EDT 2014,1403699340483,0.0,0.0,
Wed Jun 25 08:29:00 EDT 2014,1403699340730,0.0,0.0,
Wed Jun 25 08:29:01 EDT 2014,1403699341325,0.0,0.0,
Wed Jun 25 08:29:01 EDT 2014,1403699341555,0.0,0.0,
Wed Jun 25 08:29:01 EDT 2014,1403699341749,0.0,0.0,
Wed Jun 25 08:29:13 EDT 2014,1403699353915,0.0,0.0,
Wed Jun 25 08:29:15 EDT 2014,1403699355335,0.0,0.0,
Wed Jun 25 08:29:15 EDT 2014,1403699355750,0.0,0.0,
Wed Jun 25 08:29:16 EDT 2014,1403699356313,0.0,0.0,
Wed Jun 25 08:29:25 EDT 2014,1403699365504,0.0,0.0,
Wed Jun 25 08:29:33 EDT 2014,1403699373069,0.0,0.0,
Wed Jun 25 08:29:33 EDT 2014,1403699373273,0.0,0.0,
Wed Jun 25 08:29:33 EDT 2014,1403699373511,0.0,0.0,
Wed Jun 25 08:29:33 EDT 2014,1403699373675,0.0,0.0,
Wed Jun 25 08:29:35 EDT 2014,1403699375454,0.0,0.0,
Wed Jun 25 08:29:44 EDT 2014,1403699384753,0.0,0.0,
Wed Jun 25 08:29:45 EDT 2014,1403699385121,0.0,0.0,
Wed Jun 25 08:29:45 EDT 2014,1403699385274,0.0,0.0,
Wed Jun 25 08:29:45 EDT 2014,1403699385673,0.0,0.0,
Wed Jun 25 08:29:45 EDT 2014,1403699385890,0.0,0.0,
Wed Jun 25 08:29:46 EDT 2014,1403699386678,0.0,0.0,
Wed Jun 25 08:29:47 EDT 2014,1403699387897,0.0,0.0,
Wed Jun 25 08:29:48 EDT 2014,1403699388126,0.0,0.0,
Wed Jun 25 08:29:48 EDT 2014,1403699388297,0.0,0.0,
Wed Jun 25 08:29:48 EDT 2014,1403699388487,0.0,0.0,
Wed Jun 25 08:29:48 EDT 2014,1403699388626,0.0,0.0,
Wed Jun 25 08:29:49 EDT 2014,1403699389597,0.0,0.0,
Wed Jun 25 08:29:49 EDT 2014,1403699389597,0.0,0.0,
Wed Jun 25 08:29:49 EDT 2014,1403699389879,0.0,0.0,
Wed Jun 25 08:29:55 EDT 2014,1403699395280,0.0,0.0,
Wed Jun 25 08:30:00 EDT 2014,1403699400315,0.0,0.0,
Wed Jun 25 08:30:01 EDT 2014,1403699401077,0.0,0.0,
Wed Jun 25 08:30:01 EDT 2014,1403699401299,0.0,0.0,
Wed Jun 25 08:30:01 EDT 2014,1403699401538,0.0,0.0,
Wed Jun 25 08:30:01 EDT 2014,1403699401701,0.0,0.0,
Wed Jun 25 08:30:01 EDT 2014,1403699401878,0.0,0.0,
Wed Jun 25 08:30:02 EDT 2014,1403699402099,0.0,0.0,
Wed Jun 25 08:30:02 EDT 2014,1403699402262,0.0,0.0,
Wed Jun 25 08:30:02 EDT 2014,1403699402643,0.0,0.0,
Wed Jun 25 08:30:03 EDT 2014,1403699403047,0.0,0.0,
Wed Jun 25 08:30:03 EDT 2014,1403699403262,0.0,0.0,
Wed Jun 25 08:30:03 EDT 2014,1403699403488,0.0,0.0,
Wed Jun 25 08:30:03 EDT 2014,1403699403677,0.0,0.0,
Wed Jun 25 08:30:03 EDT 2014,1403699403841,0.0,0.0,
Wed Jun 25 08:30:04 EDT 2014,1403699404025,0.0,0.0,
Wed Jun 25 08:30:04 EDT 2014,1403699404287,0.0,0.0,
Wed Jun 25 08:30:04 EDT 2014,1403699404441,0.0,0.0,
Wed Jun 25 08:30:04 EDT 2014,1403699404636,0.0,0.0,
Wed Jun 25 08:30:04 EDT 2014,1403699404783,0.0,0.0,
Wed Jun 25 08:30:05 EDT 2014,1403699405095,0.0,0.0,
Wed Jun 25 08:30:05 EDT 2014,1403699405289,0.0,0.0,
Wed Jun 25 08:30:05 EDT 2014,1403699405536,0.0,0.0,
Wed Jun 25 08:30:05 EDT 2014,1403699405877,0.0,0.0,
Wed Jun 25 08:30:07 EDT 2014,1403699407589,0.0,0.0,
Wed Jun 25 08:30:08 EDT 2014,1403699408623,0.0,0.0,
Wed Jun 25 08:30:11 EDT 2014,1403699411309,0.0,0.0,
Wed Jun 25 08:30:17 EDT 2014,1403699417655,0.0,0.0,
Wed Jun 25 08:30:18 EDT 2014,1403699418087,0.0,0.0,
Wed Jun 25 08:30:18 EDT 2014,1403699418449,0.0,0.0,
Wed Jun 25 08:30:18 EDT 2014,1403699418674,0.0,0.0,
Wed Jun 25 08:30:18 EDT 2014,1403699418845,0.0,0.0,
Wed Jun 25 08:30:19 EDT 2014,1403699419122,0.0,0.0,
Wed Jun 25 08:30:19 EDT 2014,1403699419970,0.0,0.0,
Wed Jun 25 08:30:20 EDT 2014,1403699420301,0.0,0.0,
Wed Jun 25 08:30:20 EDT 2014,1403699420549,0.0,0.0,
Wed Jun 25 08:30:20 EDT 2014,1403699420895,0.0,0.0,
Wed Jun 25 08:30:21 EDT 2014,1403699421037,0.0,0.0,
Wed Jun 25 08:30:21 EDT 2014,1403699421521,0.0,0.0,
Wed Jun 25 08:30:21 EDT 2014,1403699421710,0.0,0.0,
Wed Jun 25 08:30:21 EDT 2014,1403699421836,0.0,0.0,
Wed Jun 25 08:30:22 EDT 2014,1403699422034,0.0,0.0,
Wed Jun 25 08:30:22 EDT 2014,1403699422588,0.0,0.0,
Wed Jun 25 08:30:22 EDT 2014,1403699422882,0.0,0.0,
Wed Jun 25 08:30:23 EDT 2014,1403699423397,0.0,0.0,
Wed Jun 25 08:30:23 EDT 2014,1403699423793,0.0,0.0,
Wed Jun 25 08:30:26 EDT 2014,1403699426837,0.0,0.0,
Wed Jun 25 08:30:27 EDT 2014,1403699427315,0.0,0.0,
Wed Jun 25 08:30:31 EDT 2014,1403699431788,0.0,0.0,
Wed Jun 25 08:30:34 EDT 2014,1403699434295,0.0,0.0,
Wed Jun 25 08:30:34 EDT 2014,1403699434435,0.0,0.0,
Wed Jun 25 08:30:34 EDT 2014,1403699434923,0.0,0.0,
Wed Jun 25 08:30:35 EDT 2014,1403699435186,0.0,0.0,
Wed Jun 25 08:30:35 EDT 2014,1403699435541,0.0,0.0,
Wed Jun 25 08:30:36 EDT 2014,1403699436520,0.0,0.0,
Wed Jun 25 08:30:37 EDT 2014,1403699437291,0.0,0.0,
Wed Jun 25 08:30:37 EDT 2014,1403699437692,0.0,0.0,
Wed Jun 25 08:30:41 EDT 2014,1403699441232,0.0,0.0,
Wed Jun 25 08:30:49 EDT 2014,1403699449686,0.0,0.0,
Wed Jun 25 08:30:51 EDT 2014,1403699451308,0.0,0.0,
Wed Jun 25 08:30:52 EDT 2014,1403699452322,0.0,0.0,
Wed Jun 25 08:30:52 EDT 2014,1403699452698,0.0,0.0,
Wed Jun 25 08:31:05 EDT 2014,1403699465450,0.0,0.0,
Wed Jun 25 08:31:09 EDT 2014,1403699469722,0.0,0.0,
Wed Jun 25 08:31:20 EDT 2014,1403699480815,0.0,0.0,
Wed Jun 25 08:31:21 EDT 2014,1403699481868,0.0,0.0,
Wed Jun 25 08:31:22 EDT 2014,1403699482694,0.0,0.0,
Wed Jun 25 08:31:23 EDT 2014,1403699483101,0.0,0.0,
Wed Jun 25 08:31:23 EDT 2014,1403699483321,0.0,0.0,
Wed Jun 25 08:31:23 EDT 2014,1403699483415,0.0,0.0,
Wed Jun 25 08:31:23 EDT 2014,1403699483875,0.0,0.0,
Wed Jun 25 08:31:25 EDT 2014,1403699485105,0.0,0.0,
Wed Jun 25 08:31:25 EDT 2014,1403699485507,0.0,0.0,
Wed Jun 25 08:31:37 EDT 2014,1403699497681,0.0,0.0,
Wed Jun 25 08:31:37 EDT 2014,1403699497891,0.0,0.0,
Wed Jun 25 08:31:38 EDT 2014,1403699498309,0.0,0.0,
Wed Jun 25 08:31:38 EDT 2014,1403699498472,0.0,0.0,
Wed Jun 25 08:31:39 EDT 2014,1403699499525,0.0,0.0,
Wed Jun 25 08:31:39 EDT 2014,1403699499525,0.0,0.0,
Wed Jun 25 08:31:39 EDT 2014,1403699499721,0.0,0.0,
Wed Jun 25 08:31:40 EDT 2014,1403699500149,0.0,0.0,
Wed Jun 25 08:31:40 EDT 2014,1403699500246,0.0,0.0,
Wed Jun 25 08:31:40 EDT 2014,1403699500617,0.0,0.0,
Wed Jun 25 08:31:41 EDT 2014,1403699501479,0.0,0.0,
Wed Jun 25 08:31:41 EDT 2014,1403699501691,0.0,0.0,
Wed Jun 25 08:31:41 EDT 2014,1403699501876,0.0,0.0,
Wed Jun 25 08:31:53 EDT 2014,1403699513470,0.0,0.0,
Wed Jun 25 08:31:54 EDT 2014,1403699514275,0.0,0.0,
Wed Jun 25 08:31:55 EDT 2014,1403699515291,0.0,0.0,
Wed Jun 25 08:31:55 EDT 2014,1403699515460,0.0,0.0,
Wed Jun 25 08:31:56 EDT 2014,1403699516242,0.0,0.0,
Wed Jun 25 08:31:57 EDT 2014,1403699517227,0.0,0.0,
Wed Jun 25 08:31:57 EDT 2014,1403699517236,0.0,0.0,
Wed Jun 25 08:31:57 EDT 2014,1403699517445,0.0,0.0,
Wed Jun 25 08:31:57 EDT 2014,1403699517599,0.0,0.0,
Wed Jun 25 08:31:57 EDT 2014,1403699517888,0.0,0.0,
Wed Jun 25 08:32:08 EDT 2014,1403699528028,0.0,0.0,
Wed Jun 25 08:32:09 EDT 2014,1403699529290,0.0,0.0,
Wed Jun 25 08:32:10 EDT 2014,1403699530262,0.0,0.0,
Wed Jun 25 08:32:10 EDT 2014,1403699530448,0.0,0.0,
Wed Jun 25 08:32:11 EDT 2014,1403699531664,0.0,0.0,
Wed Jun 25 08:32:12 EDT 2014,1403699532824,0.0,0.0,
Wed Jun 25 08:32:13 EDT 2014,1403699533242,0.0,0.0,
Wed Jun 25 08:32:14 EDT 2014,1403699534388,0.0,0.0,
Wed Jun 25 08:32:14 EDT 2014,1403699534791,0.0,0.0,
Wed Jun 25 08:32:16 EDT 2014,1403699536401,0.0,0.0,
Wed Jun 25 08:32:17 EDT 2014,1403699537641,0.0,0.0,
Wed Jun 25 08:32:17 EDT 2014,1403699537811,0.0,0.0,
Wed Jun 25 08:32:18 EDT 2014,1403699538197,0.0,0.0,
Wed Jun 25 08:32:19 EDT 2014,1403699539462,0.0,0.0,
Wed Jun 25 08:32:26 EDT 2014,1403699546316,0.0,0.0,
Wed Jun 25 08:32:26 EDT 2014,1403699546439,0.0,0.0,
Wed Jun 25 08:32:26 EDT 2014,1403699546732,0.0,0.0,
Wed Jun 25 08:32:35 EDT 2014,1403699555512,0.0,0.0,
Wed Jun 25 08:32:40 EDT 2014,1403699560963,0.0,0.0,
Wed Jun 25 08:32:42 EDT 2014,1403699562569,0.0,0.0,
Wed Jun 25 08:32:42 EDT 2014,1403699562736,0.0,0.0,
Wed Jun 25 08:32:43 EDT 2014,1403699563141,0.0,0.0,
Wed Jun 25 08:32:43 EDT 2014,1403699563555,0.0,0.0,
Wed Jun 25 08:32:43 EDT 2014,1403699563700,0.0,0.0,
Wed Jun 25 08:32:43 EDT 2014,1403699563918,0.0,0.0,
Wed Jun 25 08:32:44 EDT 2014,1403699564085,0.0,0.0,
Wed Jun 25 08:32:44 EDT 2014,1403699564266,0.0,0.0,
Wed Jun 25 08:32:44 EDT 2014,1403699564509,0.0,0.0,
Wed Jun 25 08:32:44 EDT 2014,1403699564745,0.0,0.0,
Wed Jun 25 08:32:44 EDT 2014,1403699564816,0.0,0.0,
Wed Jun 25 08:32:45 EDT 2014,1403699565361,0.0,0.0,
Wed Jun 25 08:32:45 EDT 2014,1403699565531,0.0,0.0,
Wed Jun 25 08:32:46 EDT 2014,1403699566964,0.0,0.0,
Wed Jun 25 08:32:47 EDT 2014,1403699567069,0.0,0.0,
Wed Jun 25 08:32:48 EDT 2014,1403699568030,0.0,0.0,
Wed Jun 25 08:32:57 EDT 2014,1403699577311,0.0,0.0,
Wed Jun 25 08:32:58 EDT 2014,1403699578088,0.0,0.0,
Wed Jun 25 08:32:59 EDT 2014,1403699579303,0.0,0.0,
Wed Jun 25 08:32:59 EDT 2014,1403699579646,0.0,0.0,
Wed Jun 25 08:33:01 EDT 2014,1403699581799,0.0,0.0,
Wed Jun 25 08:33:01 EDT 2014,1403699581954,0.0,0.0,
Wed Jun 25 08:33:07 EDT 2014,1403699587497,0.0,0.0,
Wed Jun 25 08:33:14 EDT 2014,1403699594363,0.0,0.0,
Wed Jun 25 08:33:14 EDT 2014,1403699594803,0.0,0.0,
Wed Jun 25 08:33:15 EDT 2014,1403699595401,0.0,0.0,
Wed Jun 25 08:33:15 EDT 2014,1403699595506,0.0,0.0,
Wed Jun 25 08:33:15 EDT 2014,1403699595788,0.0,0.0,
Wed Jun 25 08:33:16 EDT 2014,1403699596933,0.0,0.0,
Wed Jun 25 08:33:17 EDT 2014,1403699597778,0.0,0.0,
Wed Jun 25 08:33:17 EDT 2014,1403699597942,0.0,0.0,
Wed Jun 25 08:33:38 EDT 2014,1403699618209,0.0,0.0,
Wed Jun 25 08:33:46 EDT 2014,1403699626348,0.0,0.0,
Wed Jun 25 08:33:47 EDT 2014,1403699627696,0.0,0.0,
Wed Jun 25 08:33:48 EDT 2014,1403699628672,0.0,0.0,
Wed Jun 25 08:33:49 EDT 2014,1403699629404,0.0,0.0,
Wed Jun 25 08:33:49 EDT 2014,1403699629507,0.0,0.0,
Wed Jun 25 08:33:49 EDT 2014,1403699629780,0.0,0.0,
Wed Jun 25 08:33:50 EDT 2014,1403699630309,0.0,0.0,
Wed Jun 25 08:33:50 EDT 2014,1403699630476,0.0,0.0,
Wed Jun 25 08:33:50 EDT 2014,1403699630679,0.0,0.0,
Wed Jun 25 08:33:50 EDT 2014,1403699630864,0.0,0.0,
Wed Jun 25 08:33:52 EDT 2014,1403699632233,0.0,0.0,
Wed Jun 25 08:33:52 EDT 2014,1403699632472,0.0,0.0,
Wed Jun 25 08:33:52 EDT 2014,1403699632619,0.0,0.0,
Wed Jun 25 08:33:52 EDT 2014,1403699632864,0.0,0.0,
Wed Jun 25 08:33:53 EDT 2014,1403699633259,0.0,0.0,
Wed Jun 25 08:33:53 EDT 2014,1403699633671,0.0,0.0,
Wed Jun 25 08:33:53 EDT 2014,1403699633861,0.0,0.0,
Wed Jun 25 08:33:56 EDT 2014,1403699636081,0.0,0.0,
Wed Jun 25 08:34:03 EDT 2014,1403699643206,0.0,0.0,
Wed Jun 25 08:34:03 EDT 2014,1403699643706,0.0,0.0,
Wed Jun 25 08:34:06 EDT 2014,1403699646314,0.0,0.0,
Wed Jun 25 08:34:17 EDT 2014,1403699657082,0.0,0.0,
Wed Jun 25 08:34:18 EDT 2014,1403699658085,0.0,0.0,
Wed Jun 25 08:34:18 EDT 2014,1403699658726,0.0,0.0,
Wed Jun 25 08:34:19 EDT 2014,1403699659218,0.0,0.0,
Wed Jun 25 08:34:22 EDT 2014,1403699662185,0.0,0.0,
Wed Jun 25 08:34:31 EDT 2014,1403699671217,0.0,0.0,
Wed Jun 25 08:34:35 EDT 2014,1403699675792,0.0,0.0,
Wed Jun 25 08:34:36 EDT 2014,1403699676222,0.0,0.0,
Wed Jun 25 08:34:36 EDT 2014,1403699676503,0.0,0.0,
Wed Jun 25 08:34:37 EDT 2014,1403699677265,0.0,0.0,
Wed Jun 25 08:34:37 EDT 2014,1403699677471,0.0,0.0,
Wed Jun 25 08:34:40 EDT 2014,1403699680646,0.0,0.0,
Wed Jun 25 08:34:42 EDT 2014,1403699682023,0.0,0.0,
Wed Jun 25 08:34:43 EDT 2014,1403699683700,0.0,0.0,
Wed Jun 25 08:34:43 EDT 2014,1403699683868,0.0,0.0,
Wed Jun 25 08:34:44 EDT 2014,1403699684032,0.0,0.0,
Wed Jun 25 08:34:44 EDT 2014,1403699684268,0.0,0.0,
Wed Jun 25 08:34:44 EDT 2014,1403699684428,0.0,0.0,
Wed Jun 25 08:34:44 EDT 2014,1403699684695,0.0,0.0,
Wed Jun 25 08:34:46 EDT 2014,1403699686848,0.0,0.0,
Wed Jun 25 08:34:47 EDT 2014,1403699687070,0.0,0.0,
Wed Jun 25 08:34:47 EDT 2014,1403699687174,0.0,0.0,
Wed Jun 25 08:34:47 EDT 2014,1403699687448,0.0,0.0,
Wed Jun 25 08:34:48 EDT 2014,1403699688627,0.0,0.0,
Wed Jun 25 08:34:48 EDT 2014,1403699688868,0.0,0.0,
Wed Jun 25 08:34:49 EDT 2014,1403699689342,0.0,0.0,
Wed Jun 25 08:34:49 EDT 2014,1403699689428,0.0,0.0,
Wed Jun 25 08:34:49 EDT 2014,1403699689695,0.0,0.0,
Wed Jun 25 08:34:49 EDT 2014,1403699689779,0.0,0.0,
Wed Jun 25 08:35:08 EDT 2014,1403699708305,0.0,0.0,
Wed Jun 25 08:35:08 EDT 2014,1403699708685,0.0,0.0,
Wed Jun 25 08:35:08 EDT 2014,1403699708875,0.0,0.0,
Wed Jun 25 08:35:09 EDT 2014,1403699709032,0.0,0.0,
Wed Jun 25 08:35:09 EDT 2014,1403699709179,0.0,0.0,
Wed Jun 25 08:35:10 EDT 2014,1403699710831,0.0,0.0,
Wed Jun 25 08:35:21 EDT 2014,1403699721782,0.0,0.0,
Wed Jun 25 08:35:37 EDT 2014,1403699737333,0.0,0.0,
Wed Jun 25 08:35:42 EDT 2014,1403699742162,0.0,0.0,
Wed Jun 25 08:36:42 EDT 2014,1403699802738,0.0,0.0,
Wed Jun 25 08:36:57 EDT 2014,1403699817538,0.0,0.0,
Wed Jun 25 08:36:58 EDT 2014,1403699818898,0.0,0.0,
Wed Jun 25 08:37:05 EDT 2014,1403699825388,0.0,0.0,
Wed Jun 25 08:37:05 EDT 2014,1403699825788,0.0,0.0,
Wed Jun 25 08:37:06 EDT 2014,1403699826038,0.0,0.0,
Wed Jun 25 08:37:06 EDT 2014,1403699826178,0.0,0.0,
Wed Jun 25 08:37:06 EDT 2014,1403699826378,0.0,0.0,
Wed Jun 25 08:37:06 EDT 2014,1403699826728,0.0,0.0,
Wed Jun 25 08:37:06 EDT 2014,1403699826768,0.0,0.0,
Wed Jun 25 08:37:06 EDT 2014,1403699826938,0.0,0.0,
Wed Jun 25 08:37:07 EDT 2014,1403699827298,0.0,0.0,
Wed Jun 25 08:37:07 EDT 2014,1403699827458,0.0,0.0,
Wed Jun 25 08:37:07 EDT 2014,1403699827568,0.0,0.0,
Wed Jun 25 08:37:07 EDT 2014,1403699827738,0.0,0.0,
Wed Jun 25 08:37:08 EDT 2014,1403699828038,0.0,0.0,
Wed Jun 25 08:37:08 EDT 2014,1403699828208,0.0,0.0,
Wed Jun 25 08:37:08 EDT 2014,1403699828368,0.0,0.0,
Wed Jun 25 08:37:08 EDT 2014,1403699828788,0.0,0.0,
Wed Jun 25 08:37:08 EDT 2014,1403699828948,0.0,0.0,
Wed Jun 25 08:37:09 EDT 2014,1403699829168,0.0,0.0,
Wed Jun 25 08:37:09 EDT 2014,1403699829338,0.0,0.0,
Wed Jun 25 08:37:09 EDT 2014,1403699829568,0.0,0.0,
Wed Jun 25 08:37:09 EDT 2014,1403699829778,0.0,0.0,
Wed Jun 25 08:37:10 EDT 2014,1403699830168,0.0,0.0,
Wed Jun 25 08:37:10 EDT 2014,1403699830378,0.0,0.0,
Wed Jun 25 08:37:10 EDT 2014,1403699830568,0.0,0.0,
Wed Jun 25 08:37:10 EDT 2014,1403699830778,0.0,0.0,
Wed Jun 25 08:37:11 EDT 2014,1403699831578,0.0,0.0,
Wed Jun 25 08:37:12 EDT 2014,1403699832088,0.0,0.0,
Wed Jun 25 08:37:12 EDT 2014,1403699832418,0.0,0.0,
Wed Jun 25 08:37:12 EDT 2014,1403699832598,0.0,0.0,
Wed Jun 25 08:37:13 EDT 2014,1403699833218,0.0,0.0,
Wed Jun 25 08:37:14 EDT 2014,1403699834298,0.0,0.0,
Wed Jun 25 08:37:14 EDT 2014,1403699834468,0.0,0.0,
Wed Jun 25 08:37:14 EDT 2014,1403699834588,0.0,0.0,
Wed Jun 25 08:37:14 EDT 2014,1403699834738,0.0,0.0,
Wed Jun 25 08:37:16 EDT 2014,1403699836088,0.0,0.0,
Wed Jun 25 08:37:17 EDT 2014,1403699837098,0.0,0.0,
Wed Jun 25 08:37:17 EDT 2014,1403699837408,0.0,0.0,
Wed Jun 25 08:37:17 EDT 2014,1403699837568,0.0,0.0,
Wed Jun 25 08:37:17 EDT 2014,1403699837778,0.0,0.0,
Wed Jun 25 08:37:18 EDT 2014,1403699838048,0.0,0.0,
Wed Jun 25 08:37:18 EDT 2014,1403699838178,0.0,0.0,
Wed Jun 25 08:37:18 EDT 2014,1403699838378,0.0,0.0,
Wed Jun 25 08:37:18 EDT 2014,1403699838638,0.0,0.0,
Wed Jun 25 08:37:21 EDT 2014,1403699841328,0.0,0.0,
Wed Jun 25 08:37:22 EDT 2014,1403699842198,0.0,0.0,
Wed Jun 25 08:37:23 EDT 2014,1403699843868,0.0,0.0,
Wed Jun 25 08:37:34 EDT 2014,1403699854268,0.0,0.0,
Wed Jun 25 08:37:50 EDT 2014,1403699870108,0.0,0.0,
